RETURN_O_ID;RETURN_O_ENTRY_D;RETURN_O_CARRIER_ID;Timestamp,N;Repetition;TimeInMsec;DataSetSizeInByte;DataSetSizeInGigaByte
9145716,1215308768,0,1485516794,1000000,0,3206298;44000000;0.040978
9145716,1215308768,0,1485516794,1000000,1,3110729;44000000;0.040978
9145716,1215308768,0,1485516794,1000000,2,3070162;44000000;0.040978
9145716,1215308768,0,1485516794,1000000,3,3064948;44000000;0.040978
9145716,1215308768,0,1485516794,1000000,4,3766052;44000000;0.040978
9145716,1215308768,0,1485516794,1000000,5,3665564;44000000;0.040978
9145716,1215308768,0,1485516794,1000000,6,3319476;44000000;0.040978
9145716,1215308768,0,1485516795,1000000,7,3226521;44000000;0.040978
9145716,1215308768,0,1485516795,1000000,8,3228998;44000000;0.040978
9145716,1215308768,0,1485516795,1000000,9,3204017;44000000;0.040978
9145716,1215308768,0,1485516795,1000000,10,3185194;44000000;0.040978
9145716,1215308768,0,1485516795,1000000,11,3181723;44000000;0.040978
9145716,1215308768,0,1485516795,1000000,12,3281247;44000000;0.040978
9145716,1215308768,0,1485516795,1000000,13,4622912;44000000;0.040978
9145716,1215308768,0,1485516795,1000000,14,3076552;44000000;0.040978
9145716,1215308768,0,1485516795,1000000,15,3311276;44000000;0.040978
9145716,1215308768,0,1485516795,1000000,16,3204514;44000000;0.040978
9145716,1215308768,0,1485516795,1000000,17,3214258;44000000;0.040978
9145716,1215308768,0,1485516795,1000000,18,3229077;44000000;0.040978
9145716,1215308768,0,1485516795,1000000,19,3221666;44000000;0.040978
6891055,1504812175,5,1485516796,10990000,0,33600475;483560000;0.450350
6891055,1504812175,5,1485516797,10990000,1,33544304;483560000;0.450350
6891055,1504812175,5,1485516798,10990000,2,35106772;483560000;0.450350
6891055,1504812175,5,1485516799,10990000,3,33573468;483560000;0.450350
6891055,1504812175,5,1485516799,10990000,4,35715385;483560000;0.450350
6891055,1504812175,5,1485516800,10990000,5,33676483;483560000;0.450350
6891055,1504812175,5,1485516801,10990000,6,33667754;483560000;0.450350
6891055,1504812175,5,1485516802,10990000,7,34148329;483560000;0.450350
6891055,1504812175,5,1485516803,10990000,8,35444066;483560000;0.450350
6891055,1504812175,5,1485516803,10990000,9,35519198;483560000;0.450350
6891055,1504812175,5,1485516804,10990000,10,36878827;483560000;0.450350
6891055,1504812175,5,1485516805,10990000,11,35722468;483560000;0.450350
6891055,1504812175,5,1485516806,10990000,12,37485861;483560000;0.450350
6891055,1504812175,5,1485516807,10990000,13,33523381;483560000;0.450350
6891055,1504812175,5,1485516808,10990000,14,35297510;483560000;0.450350
6891055,1504812175,5,1485516808,10990000,15,33640148;483560000;0.450350
6891055,1504812175,5,1485516809,10990000,16,34178253;483560000;0.450350
6891055,1504812175,5,1485516810,10990000,17,36903470;483560000;0.450350
6891055,1504812175,5,1485516811,10990000,18,33547198;483560000;0.450350
6891055,1504812175,5,1485516812,10990000,19,33685562;483560000;0.450350
4473718,1348246671,6,1485516813,20980000,0,67720299;923120000;0.859722
4473718,1348246671,6,1485516815,20980000,1,64836599;923120000;0.859722
4473718,1348246671,6,1485516817,20980000,2,67585171;923120000;0.859722
4473718,1348246671,6,1485516818,20980000,3,64005498;923120000;0.859722
4473718,1348246671,6,1485516820,20980000,4,68539066;923120000;0.859722
4473718,1348246671,6,1485516822,20980000,5,68453493;923120000;0.859722
4473718,1348246671,6,1485516823,20980000,6,68075466;923120000;0.859722
4473718,1348246671,6,1485516825,20980000,7,67175103;923120000;0.859722
4473718,1348246671,6,1485516827,20980000,8,68039623;923120000;0.859722
4473718,1348246671,6,1485516828,20980000,9,64973585;923120000;0.859722
4473718,1348246671,6,1485516830,20980000,10,64232200;923120000;0.859722
4473718,1348246671,6,1485516831,20980000,11,68239310;923120000;0.859722
4473718,1348246671,6,1485516833,20980000,12,67671783;923120000;0.859722
4473718,1348246671,6,1485516835,20980000,13,67008749;923120000;0.859722
4473718,1348246671,6,1485516836,20980000,14,71824818;923120000;0.859722
4473718,1348246671,6,1485516838,20980000,15,67380802;923120000;0.859722
4473718,1348246671,6,1485516840,20980000,16,67240031;923120000;0.859722
4473718,1348246671,6,1485516841,20980000,17,72196960;923120000;0.859722
4473718,1348246671,6,1485516843,20980000,18,67369684;923120000;0.859722
4473718,1348246671,6,1485516845,20980000,19,66284519;923120000;0.859722
5336210,706101219,7,1485516847,30970000,0,94664748;1362680000;1.269095
5336210,706101219,7,1485516850,30970000,1,94403866;1362680000;1.269095
5336210,706101219,7,1485516852,30970000,2,94553607;1362680000;1.269095
5336210,706101219,7,1485516855,30970000,3,99227272;1362680000;1.269095
5336210,706101219,7,1485516857,30970000,4,99272119;1362680000;1.269095
5336210,706101219,7,1485516860,30970000,5,95042983;1362680000;1.269095
5336210,706101219,7,1485516862,30970000,6,95527357;1362680000;1.269095
5336210,706101219,7,1485516864,30970000,7,101776119;1362680000;1.269095
5336210,706101219,7,1485516867,30970000,8,94877025;1362680000;1.269095
5336210,706101219,7,1485516869,30970000,9,100493863;1362680000;1.269095
5336210,706101219,7,1485516872,30970000,10,94534700;1362680000;1.269095
5336210,706101219,7,1485516874,30970000,11,98728533;1362680000;1.269095
5336210,706101219,7,1485516877,30970000,12,95292691;1362680000;1.269095
5336210,706101219,7,1485516879,30970000,13,99650918;1362680000;1.269095
5336210,706101219,7,1485516882,30970000,14,95775127;1362680000;1.269095
5336210,706101219,7,1485516884,30970000,15,108328073;1362680000;1.269095
5336210,706101219,7,1485516886,30970000,16,102961757;1362680000;1.269095
5336210,706101219,7,1485516889,30970000,17,99318796;1362680000;1.269095
5336210,706101219,7,1485516891,30970000,18,99116497;1362680000;1.269095
5336210,706101219,7,1485516894,30970000,19,94390272;1362680000;1.269095
7606021,744615820,10,1485516897,40960000,0,131844242;1802240000;1.678467
7606021,744615820,10,1485516901,40960000,1,125699275;1802240000;1.678467
7606021,744615820,10,1485516904,40960000,2,133952136;1802240000;1.678467
7606021,744615820,10,1485516907,40960000,3,124881535;1802240000;1.678467
7606021,744615820,10,1485516911,40960000,4,124967265;1802240000;1.678467
7606021,744615820,10,1485516914,40960000,5,125100103;1802240000;1.678467
7606021,744615820,10,1485516918,40960000,6,126921933;1802240000;1.678467
7606021,744615820,10,1485516921,40960000,7,136658095;1802240000;1.678467
7606021,744615820,10,1485516924,40960000,8,132117693;1802240000;1.678467
7606021,744615820,10,1485516928,40960000,9,124930172;1802240000;1.678467
7606021,744615820,10,1485516931,40960000,10,126235790;1802240000;1.678467
7606021,744615820,10,1485516935,40960000,11,131233937;1802240000;1.678467
7606021,744615820,10,1485516938,40960000,12,134116854;1802240000;1.678467
7606021,744615820,10,1485516941,40960000,13,136547862;1802240000;1.678467
7606021,744615820,10,1485516945,40960000,14,124920093;1802240000;1.678467
7606021,744615820,10,1485516948,40960000,15,125076143;1802240000;1.678467
7606021,744615820,10,1485516952,40960000,16,131772521;1802240000;1.678467
7606021,744615820,10,1485516955,40960000,17,127060339;1802240000;1.678467
7606021,744615820,10,1485516958,40960000,18,136537077;1802240000;1.678467
7606021,744615820,10,1485516962,40960000,19,124997615;1802240000;1.678467
9743636,781255513,7,1485516966,50950000,0,157766013;2241800000;2.087839
9743636,781255513,7,1485516970,50950000,1,164144634;2241800000;2.087839
9743636,781255513,7,1485516975,50950000,2,159154758;2241800000;2.087839
9743636,781255513,7,1485516979,50950000,3,157002067;2241800000;2.087839
9743636,781255513,7,1485516983,50950000,4,163894991;2241800000;2.087839
9743636,781255513,7,1485516987,50950000,5,162341098;2241800000;2.087839
9743636,781255513,7,1485516992,50950000,6,167544105;2241800000;2.087839
9743636,781255513,7,1485516996,50950000,7,163182055;2241800000;2.087839
9743636,781255513,7,1485517000,50950000,8,168129356;2241800000;2.087839
9743636,781255513,7,1485517004,50950000,9,158641679;2241800000;2.087839
9743636,781255513,7,1485517009,50950000,10,163428264;2241800000;2.087839
9743636,781255513,7,1485517013,50950000,11,155956432;2241800000;2.087839
9743636,781255513,7,1485517017,50950000,12,168827134;2241800000;2.087839
9743636,781255513,7,1485517021,50950000,13,157432378;2241800000;2.087839
9743636,781255513,7,1485517026,50950000,14,162970418;2241800000;2.087839
9743636,781255513,7,1485517030,50950000,15,155321556;2241800000;2.087839
9743636,781255513,7,1485517034,50950000,16,163950441;2241800000;2.087839
9743636,781255513,7,1485517038,50950000,17,162339238;2241800000;2.087839
9743636,781255513,7,1485517043,50950000,18,164932030;2241800000;2.087839
9743636,781255513,7,1485517047,50950000,19,163290697;2241800000;2.087839
3852867,984229502,5,1485517052,60940000,0,188421145;2681360000;2.497211
3852867,984229502,5,1485517057,60940000,1,187901058;2681360000;2.497211
3852867,984229502,5,1485517062,60940000,2,199062629;2681360000;2.497211
3852867,984229502,5,1485517067,60940000,3,196571893;2681360000;2.497211
3852867,984229502,5,1485517072,60940000,4,187325543;2681360000;2.497211
3852867,984229502,5,1485517077,60940000,5,186261423;2681360000;2.497211
3852867,984229502,5,1485517082,60940000,6,195299247;2681360000;2.497211
3852867,984229502,5,1485517087,60940000,7,185946012;2681360000;2.497211
3852867,984229502,5,1485517092,60940000,8,189170853;2681360000;2.497211
3852867,984229502,5,1485517097,60940000,9,189486216;2681360000;2.497211
3852867,984229502,5,1485517103,60940000,10,203066038;2681360000;2.497211
3852867,984229502,5,1485517108,60940000,11,195860316;2681360000;2.497211
3852867,984229502,5,1485517113,60940000,12,186601992;2681360000;2.497211
3852867,984229502,5,1485517118,60940000,13,195745039;2681360000;2.497211
3852867,984229502,5,1485517123,60940000,14,196282334;2681360000;2.497211
3852867,984229502,5,1485517128,60940000,15,200632285;2681360000;2.497211
3852867,984229502,5,1485517133,60940000,16,205099982;2681360000;2.497211
3852867,984229502,5,1485517138,60940000,17,196139645;2681360000;2.497211
3852867,984229502,5,1485517143,60940000,18,194481353;2681360000;2.497211
3852867,984229502,5,1485517148,60940000,19,187560803;2681360000;2.497211
9714016,1126373533,7,1485517154,70930000,0,221295856;3120920000;2.906583
9714016,1126373533,7,1485517160,70930000,1,228662231;3120920000;2.906583
9714016,1126373533,7,1485517166,70930000,2,216383574;3120920000;2.906583
9714016,1126373533,7,1485517172,70930000,3,220171216;3120920000;2.906583
9714016,1126373533,7,1485517178,70930000,4,227783378;3120920000;2.906583
9714016,1126373533,7,1485517184,70930000,5,231513577;3120920000;2.906583
9714016,1126373533,7,1485517189,70930000,6,234050790;3120920000;2.906583
9714016,1126373533,7,1485517195,70930000,7,223871615;3120920000;2.906583
9714016,1126373533,7,1485517201,70930000,8,216469700;3120920000;2.906583
9714016,1126373533,7,1485517207,70930000,9,218402872;3120920000;2.906583
9714016,1126373533,7,1485517213,70930000,10,229665613;3120920000;2.906583
9714016,1126373533,7,1485517219,70930000,11,231750922;3120920000;2.906583
9714016,1126373533,7,1485517225,70930000,12,219323130;3120920000;2.906583
9714016,1126373533,7,1485517231,70930000,13,216901966;3120920000;2.906583
9714016,1126373533,7,1485517237,70930000,14,216968061;3120920000;2.906583
9714016,1126373533,7,1485517243,70930000,15,229705149;3120920000;2.906583
9714016,1126373533,7,1485517249,70930000,16,233169675;3120920000;2.906583
9714016,1126373533,7,1485517254,70930000,17,230868436;3120920000;2.906583
9714016,1126373533,7,1485517260,70930000,18,226609321;3120920000;2.906583
9714016,1126373533,7,1485517266,70930000,19,227208926;3120920000;2.906583
7489530,263994222,4,1485517273,80920000,0,263871670;3560480000;3.315955
7489530,263994222,4,1485517280,80920000,1,258207302;3560480000;3.315955
7489530,263994222,4,1485517287,80920000,2,259703122;3560480000;3.315955
7489530,263994222,4,1485517293,80920000,3,262781796;3560480000;3.315955
7489530,263994222,4,1485517300,80920000,4,265185529;3560480000;3.315955
7489530,263994222,4,1485517307,80920000,5,247269379;3560480000;3.315955
7489530,263994222,4,1485517314,80920000,6,263596638;3560480000;3.315955
7489530,263994222,4,1485517320,80920000,7,247240673;3560480000;3.315955
7489530,263994222,4,1485517327,80920000,8,296909813;3560480000;3.315955
7489530,263994222,4,1485517335,80920000,9,259897456;3560480000;3.315955
7489530,263994222,4,1485517342,80920000,10,298128090;3560480000;3.315955
7489530,263994222,4,1485517350,80920000,11,306846114;3560480000;3.315955
7489530,263994222,4,1485517357,80920000,12,262749034;3560480000;3.315955
7489530,263994222,4,1485517364,80920000,13,272294269;3560480000;3.315955
7489530,263994222,4,1485517371,80920000,14,263697703;3560480000;3.315955
7489530,263994222,4,1485517377,80920000,15,261355454;3560480000;3.315955
7489530,263994222,4,1485517384,80920000,16,260441811;3560480000;3.315955
7489530,263994222,4,1485517391,80920000,17,261888743;3560480000;3.315955
7489530,263994222,4,1485517398,80920000,18,262411249;3560480000;3.315955
7489530,263994222,4,1485517404,80920000,19,246906747;3560480000;3.315955
1425146,1323738872,7,1485517412,90910000,0,283130927;4000040000;3.725327
1425146,1323738872,7,1485517420,90910000,1,294353842;4000040000;3.725327
1425146,1323738872,7,1485517427,90910000,2,299098079;4000040000;3.725327
1425146,1323738872,7,1485517435,90910000,3,296093848;4000040000;3.725327
1425146,1323738872,7,1485517442,90910000,4,290256774;4000040000;3.725327
1425146,1323738872,7,1485517450,90910000,5,290508935;4000040000;3.725327
1425146,1323738872,7,1485517458,90910000,6,296859145;4000040000;3.725327
1425146,1323738872,7,1485517465,90910000,7,287957350;4000040000;3.725327
1425146,1323738872,7,1485517473,90910000,8,284789937;4000040000;3.725327
1425146,1323738872,7,1485517480,90910000,9,278078634;4000040000;3.725327
1425146,1323738872,7,1485517488,90910000,10,282145975;4000040000;3.725327
1425146,1323738872,7,1485517495,90910000,11,288123722;4000040000;3.725327
1425146,1323738872,7,1485517503,90910000,12,326548307;4000040000;3.725327
1425146,1323738872,7,1485517512,90910000,13,325452761;4000040000;3.725327
1425146,1323738872,7,1485517521,90910000,14,351006950;4000040000;3.725327
1425146,1323738872,7,1485517529,90910000,15,335328562;4000040000;3.725327
1425146,1323738872,7,1485517538,90910000,16,334146242;4000040000;3.725327
1425146,1323738872,7,1485517547,90910000,17,303489232;4000040000;3.725327
1425146,1323738872,7,1485517555,90910000,18,355658852;4000040000;3.725327
1425146,1323738872,7,1485517563,90910000,19,342471867;4000040000;3.725327
9699056,1599747468,8,1485517573,100900000,0,368789292;4439600000;4.134700
9699056,1599747468,8,1485517582,100900000,1,363828109;4439600000;4.134700
9699056,1599747468,8,1485517592,100900000,2,420875637;4439600000;4.134700
9699056,1599747468,8,1485517602,100900000,3,450416154;4439600000;4.134700
9699056,1599747468,8,1485517612,100900000,4,370968133;4439600000;4.134700
9699056,1599747468,8,1485517621,100900000,5,363181773;4439600000;4.134700
9699056,1599747468,8,1485517630,100900000,6,355188048;4439600000;4.134700
9699056,1599747468,8,1485517639,100900000,7,357408464;4439600000;4.134700
9699056,1599747468,8,1485517648,100900000,8,347212381;4439600000;4.134700
9699056,1599747468,8,1485517658,100900000,9,435617208;4439600000;4.134700
9699056,1599747468,8,1485517668,100900000,10,384167244;4439600000;4.134700
9699056,1599747468,8,1485517679,100900000,11,435548246;4439600000;4.134700
9699056,1599747468,8,1485517688,100900000,12,336206366;4439600000;4.134700
9699056,1599747468,8,1485517698,100900000,13,419537143;4439600000;4.134700
9699056,1599747468,8,1485517708,100900000,14,413345756;4439600000;4.134700
9699056,1599747468,8,1485517718,100900000,15,366250865;4439600000;4.134700
9699056,1599747468,8,1485517727,100900000,16,340094389;4439600000;4.134700
9699056,1599747468,8,1485517736,100900000,17,338766098;4439600000;4.134700
9699056,1599747468,8,1485517745,100900000,18,311360029;4439600000;4.134700
9699056,1599747468,8,1485517754,100900000,19,347040058;4439600000;4.134700
7899594,405272435,0,1485517764,110890000,0,360471806;4879160000;4.544072
7899594,405272435,0,1485517774,110890000,1,405686250;4879160000;4.544072
7899594,405272435,0,1485517784,110890000,2,340515905;4879160000;4.544072
7899594,405272435,0,1485517793,110890000,3,352128895;4879160000;4.544072
7899594,405272435,0,1485517802,110890000,4,353598232;4879160000;4.544072
7899594,405272435,0,1485517811,110890000,5,338536864;4879160000;4.544072
7899594,405272435,0,1485517820,110890000,6,353905729;4879160000;4.544072
7899594,405272435,0,1485517830,110890000,7,345022738;4879160000;4.544072
7899594,405272435,0,1485517839,110890000,8,341002997;4879160000;4.544072
7899594,405272435,0,1485517848,110890000,9,341338106;4879160000;4.544072
7899594,405272435,0,1485517857,110890000,10,343721411;4879160000;4.544072
7899594,405272435,0,1485517867,110890000,11,343810813;4879160000;4.544072
7899594,405272435,0,1485517876,110890000,12,338984241;4879160000;4.544072
7899594,405272435,0,1485517885,110890000,13,340145328;4879160000;4.544072
7899594,405272435,0,1485517894,110890000,14,341272965;4879160000;4.544072
7899594,405272435,0,1485517903,110890000,15,358564048;4879160000;4.544072
7899594,405272435,0,1485517913,110890000,16,338815593;4879160000;4.544072
7899594,405272435,0,1485517922,110890000,17,342589853;4879160000;4.544072
7899594,405272435,0,1485517931,110890000,18,356892238;4879160000;4.544072
7899594,405272435,0,1485517940,110890000,19,350306253;4879160000;4.544072
3729387,375514894,2,1485517950,120880000,0,372232535;5318720000;4.953444
3729387,375514894,2,1485517960,120880000,1,379665076;5318720000;4.953444
3729387,375514894,2,1485517970,120880000,2,369001491;5318720000;4.953444
3729387,375514894,2,1485517980,120880000,3,381033551;5318720000;4.953444
3729387,375514894,2,1485517990,120880000,4,374522282;5318720000;4.953444
3729387,375514894,2,1485518000,120880000,5,390154991;5318720000;4.953444
3729387,375514894,2,1485518010,120880000,6,373500515;5318720000;4.953444
3729387,375514894,2,1485518020,120880000,7,377290593;5318720000;4.953444
3729387,375514894,2,1485518030,120880000,8,369150588;5318720000;4.953444
3729387,375514894,2,1485518041,120880000,9,380108058;5318720000;4.953444
3729387,375514894,2,1485518051,120880000,10,391020907;5318720000;4.953444
3729387,375514894,2,1485518061,120880000,11,383223203;5318720000;4.953444
3729387,375514894,2,1485518071,120880000,12,374045591;5318720000;4.953444
3729387,375514894,2,1485518081,120880000,13,384813913;5318720000;4.953444
3729387,375514894,2,1485518091,120880000,14,374689957;5318720000;4.953444
3729387,375514894,2,1485518101,120880000,15,394871625;5318720000;4.953444
3729387,375514894,2,1485518111,120880000,16,373330827;5318720000;4.953444
3729387,375514894,2,1485518121,120880000,17,394621529;5318720000;4.953444
3729387,375514894,2,1485518131,120880000,18,369209373;5318720000;4.953444
3729387,375514894,2,1485518141,120880000,19,374449546;5318720000;4.953444
9198108,1341907876,1,1485518152,130870000,0,414102316;5758280000;5.362816
9198108,1341907876,1,1485518163,130870000,1,412450076;5758280000;5.362816
9198108,1341907876,1,1485518174,130870000,2,414081387;5758280000;5.362816
9198108,1341907876,1,1485518184,130870000,3,413612308;5758280000;5.362816
9198108,1341907876,1,1485518195,130870000,4,429677988;5758280000;5.362816
9198108,1341907876,1,1485518206,130870000,5,407317151;5758280000;5.362816
9198108,1341907876,1,1485518217,130870000,6,406257508;5758280000;5.362816
9198108,1341907876,1,1485518228,130870000,7,400349892;5758280000;5.362816
9198108,1341907876,1,1485518239,130870000,8,405788405;5758280000;5.362816
9198108,1341907876,1,1485518250,130870000,9,405545020;5758280000;5.362816
9198108,1341907876,1,1485518261,130870000,10,420570983;5758280000;5.362816
9198108,1341907876,1,1485518272,130870000,11,419922707;5758280000;5.362816
9198108,1341907876,1,1485518282,130870000,12,399803583;5758280000;5.362816
9198108,1341907876,1,1485518293,130870000,13,405109214;5758280000;5.362816
9198108,1341907876,1,1485518304,130870000,14,399778055;5758280000;5.362816
9198108,1341907876,1,1485518315,130870000,15,423099415;5758280000;5.362816
9198108,1341907876,1,1485518326,130870000,16,413586199;5758280000;5.362816
9198108,1341907876,1,1485518337,130870000,17,404925767;5758280000;5.362816
9198108,1341907876,1,1485518348,130870000,18,418942538;5758280000;5.362816
9198108,1341907876,1,1485518358,130870000,19,404663925;5758280000;5.362816
7841403,349835998,6,1485518370,140860000,0,446262670;6197840000;5.772188
7841403,349835998,6,1485518382,140860000,1,441442969;6197840000;5.772188
7841403,349835998,6,1485518393,140860000,2,452341927;6197840000;5.772188
7841403,349835998,6,1485518405,140860000,3,434392747;6197840000;5.772188
7841403,349835998,6,1485518417,140860000,4,430364220;6197840000;5.772188
7841403,349835998,6,1485518429,140860000,5,463288423;6197840000;5.772188
7841403,349835998,6,1485518440,140860000,6,430423731;6197840000;5.772188
7841403,349835998,6,1485518452,140860000,7,440525175;6197840000;5.772188
7841403,349835998,6,1485518464,140860000,8,436082707;6197840000;5.772188
7841403,349835998,6,1485518476,140860000,9,446705649;6197840000;5.772188
7841403,349835998,6,1485518487,140860000,10,444438752;6197840000;5.772188
7841403,349835998,6,1485518499,140860000,11,430306529;6197840000;5.772188
7841403,349835998,6,1485518511,140860000,12,445002184;6197840000;5.772188
7841403,349835998,6,1485518522,140860000,13,431057404;6197840000;5.772188
7841403,349835998,6,1485518534,140860000,14,466221551;6197840000;5.772188
7841403,349835998,6,1485518546,140860000,15,433817331;6197840000;5.772188
7841403,349835998,6,1485518557,140860000,16,450589774;6197840000;5.772188
7841403,349835998,6,1485518569,140860000,17,446622138;6197840000;5.772188
7841403,349835998,6,1485518581,140860000,18,434844030;6197840000;5.772188
7841403,349835998,6,1485518593,140860000,19,443937422;6197840000;5.772188
8871821,899479940,4,1485518605,150850000,0,490432696;6637400000;6.181561
8871821,899479940,4,1485518618,150850000,1,465877532;6637400000;6.181561
8871821,899479940,4,1485518630,150850000,2,487588231;6637400000;6.181561
8871821,899479940,4,1485518643,150850000,3,465397102;6637400000;6.181561
8871821,899479940,4,1485518655,150850000,4,463475271;6637400000;6.181561
8871821,899479940,4,1485518668,150850000,5,460708032;6637400000;6.181561
8871821,899479940,4,1485518680,150850000,6,460914342;6637400000;6.181561
8871821,899479940,4,1485518693,150850000,7,464804345;6637400000;6.181561
8871821,899479940,4,1485518705,150850000,8,476782874;6637400000;6.181561
8871821,899479940,4,1485518718,150850000,9,486195755;6637400000;6.181561
8871821,899479940,4,1485518730,150850000,10,491784240;6637400000;6.181561
8871821,899479940,4,1485518743,150850000,11,460925845;6637400000;6.181561
8871821,899479940,4,1485518755,150850000,12,481379618;6637400000;6.181561
8871821,899479940,4,1485518768,150850000,13,513022122;6637400000;6.181561
8871821,899479940,4,1485518780,150850000,14,465267260;6637400000;6.181561
8871821,899479940,4,1485518793,150850000,15,460786260;6637400000;6.181561
8871821,899479940,4,1485518805,150850000,16,463234787;6637400000;6.181561
8871821,899479940,4,1485518818,150850000,17,474505555;6637400000;6.181561
8871821,899479940,4,1485518831,150850000,18,485238942;6637400000;6.181561
8871821,899479940,4,1485518843,150850000,19,468663057;6637400000;6.181561
9919924,36958254,4,1485518856,160840000,0,497048836;7076960000;6.590933
9919924,36958254,4,1485518870,160840000,1,498209598;7076960000;6.590933
9919924,36958254,4,1485518883,160840000,2,502945331;7076960000;6.590933
9919924,36958254,4,1485518897,160840000,3,502367511;7076960000;6.590933
9919924,36958254,4,1485518910,160840000,4,497263164;7076960000;6.590933
9919924,36958254,4,1485518923,160840000,5,505922855;7076960000;6.590933
9919924,36958254,4,1485518937,160840000,6,506469314;7076960000;6.590933
9919924,36958254,4,1485518950,160840000,7,519703983;7076960000;6.590933
9919924,36958254,4,1485518963,160840000,8,515010478;7076960000;6.590933
9919924,36958254,4,1485518977,160840000,9,552258738;7076960000;6.590933
9919924,36958254,4,1485518990,160840000,10,524321298;7076960000;6.590933
9919924,36958254,4,1485519004,160840000,11,520200555;7076960000;6.590933
9919924,36958254,4,1485519017,160840000,12,498179881;7076960000;6.590933
9919924,36958254,4,1485519030,160840000,13,496886713;7076960000;6.590933
9919924,36958254,4,1485519044,160840000,14,502333046;7076960000;6.590933
9919924,36958254,4,1485519057,160840000,15,491121126;7076960000;6.590933
9919924,36958254,4,1485519071,160840000,16,491357549;7076960000;6.590933
9919924,36958254,4,1485519084,160840000,17,505244191;7076960000;6.590933
9919924,36958254,4,1485519097,160840000,18,493591912;7076960000;6.590933
9919924,36958254,4,1485519111,160840000,19,496659458;7076960000;6.590933
9536963,479475084,9,1485519125,170830000,0,528862699;7516520000;7.000305
9536963,479475084,9,1485519139,170830000,1,536965094;7516520000;7.000305
9536963,479475084,9,1485519154,170830000,2,537819297;7516520000;7.000305
9536963,479475084,9,1485519168,170830000,3,542380670;7516520000;7.000305
9536963,479475084,9,1485519182,170830000,4,525314740;7516520000;7.000305
9536963,479475084,9,1485519196,170830000,5,535943982;7516520000;7.000305
9536963,479475084,9,1485519210,170830000,6,548494784;7516520000;7.000305
9536963,479475084,9,1485519225,170830000,7,540132211;7516520000;7.000305
9536963,479475084,9,1485519239,170830000,8,528280823;7516520000;7.000305
9536963,479475084,9,1485519253,170830000,9,546307214;7516520000;7.000305
9536963,479475084,9,1485519267,170830000,10,549668412;7516520000;7.000305
9536963,479475084,9,1485519282,170830000,11,538117110;7516520000;7.000305
9536963,479475084,9,1485519296,170830000,12,558533167;7516520000;7.000305
9536963,479475084,9,1485519310,170830000,13,521710482;7516520000;7.000305
9536963,479475084,9,1485519324,170830000,14,526718873;7516520000;7.000305
9536963,479475084,9,1485519338,170830000,15,537800693;7516520000;7.000305
9536963,479475084,9,1485519353,170830000,16,552047359;7516520000;7.000305
9536963,479475084,9,1485519367,170830000,17,534396424;7516520000;7.000305
9536963,479475084,9,1485519381,170830000,18,522268117;7516520000;7.000305
9536963,479475084,9,1485519395,170830000,19,526581605;7516520000;7.000305
7530759,1564761991,6,1485519410,180820000,0,560812388;7956080000;7.409677
7530759,1564761991,6,1485519425,180820000,1,561627679;7956080000;7.409677
7530759,1564761991,6,1485519440,180820000,2,583719138;7956080000;7.409677
7530759,1564761991,6,1485519455,180820000,3,552329006;7956080000;7.409677
7530759,1564761991,6,1485519470,180820000,4,570857996;7956080000;7.409677
7530759,1564761991,6,1485519485,180820000,5,587781506;7956080000;7.409677
7530759,1564761991,6,1485519500,180820000,6,552242324;7956080000;7.409677
7530759,1564761991,6,1485519515,180820000,7,552462986;7956080000;7.409677
7530759,1564761991,6,1485519530,180820000,8,568337835;7956080000;7.409677
7530759,1564761991,6,1485519545,180820000,9,585603171;7956080000;7.409677
7530759,1564761991,6,1485519560,180820000,10,577418989;7956080000;7.409677
7530759,1564761991,6,1485519575,180820000,11,578222469;7956080000;7.409677
7530759,1564761991,6,1485519590,180820000,12,566196185;7956080000;7.409677
7530759,1564761991,6,1485519605,180820000,13,560284176;7956080000;7.409677
7530759,1564761991,6,1485519621,180820000,14,619665057;7956080000;7.409677
7530759,1564761991,6,1485519636,180820000,15,580150651;7956080000;7.409677
7530759,1564761991,6,1485519651,180820000,16,566551793;7956080000;7.409677
7530759,1564761991,6,1485519666,180820000,17,566943009;7956080000;7.409677
7530759,1564761991,6,1485519681,180820000,18,577507144;7956080000;7.409677
7530759,1564761991,6,1485519696,180820000,19,564897672;7956080000;7.409677
9444229,1536785489,9,1485519712,190810000,0,610464332;8395640000;7.819049
9444229,1536785489,9,1485519728,190810000,1,594914769;8395640000;7.819049
9444229,1536785489,9,1485519744,190810000,2,588339304;8395640000;7.819049
9444229,1536785489,9,1485519759,190810000,3,592825186;8395640000;7.819049
9444229,1536785489,9,1485519775,190810000,4,587263427;8395640000;7.819049
9444229,1536785489,9,1485519791,190810000,5,606071129;8395640000;7.819049
9444229,1536785489,9,1485519807,190810000,6,616528720;8395640000;7.819049
9444229,1536785489,9,1485519823,190810000,7,607140810;8395640000;7.819049
9444229,1536785489,9,1485519839,190810000,8,607366141;8395640000;7.819049
9444229,1536785489,9,1485519855,190810000,9,611169951;8395640000;7.819049
9444229,1536785489,9,1485519870,190810000,10,586178358;8395640000;7.819049
9444229,1536785489,9,1485519886,190810000,11,594829790;8395640000;7.819049
9444229,1536785489,9,1485519902,190810000,12,612546332;8395640000;7.819049
9444229,1536785489,9,1485519918,190810000,13,589317859;8395640000;7.819049
9444229,1536785489,9,1485519934,190810000,14,587552102;8395640000;7.819049
9444229,1536785489,9,1485519950,190810000,15,592343781;8395640000;7.819049
9444229,1536785489,9,1485519966,190810000,16,583009757;8395640000;7.819049
9444229,1536785489,9,1485519982,190810000,17,609288313;8395640000;7.819049
9444229,1536785489,9,1485519997,190810000,18,598098017;8395640000;7.819049
9444229,1536785489,9,1485520013,190810000,19,596576660;8395640000;7.819049
8574595,2093450215,6,1485520030,200800000,0,626878079;8835200000;8.228421
8574595,2093450215,6,1485520047,200800000,1,643160914;8835200000;8.228421
8574595,2093450215,6,1485520063,200800000,2,619465345;8835200000;8.228421
8574595,2093450215,6,1485520080,200800000,3,645838294;8835200000;8.228421
8574595,2093450215,6,1485520097,200800000,4,624148054;8835200000;8.228421
8574595,2093450215,6,1485520113,200800000,5,626055124;8835200000;8.228421
8574595,2093450215,6,1485520130,200800000,6,647352770;8835200000;8.228421
8574595,2093450215,6,1485520147,200800000,7,619322527;8835200000;8.228421
8574595,2093450215,6,1485520163,200800000,8,615530793;8835200000;8.228421
8574595,2093450215,6,1485520180,200800000,9,613869642;8835200000;8.228421
8574595,2093450215,6,1485520197,200800000,10,655735300;8835200000;8.228421
8574595,2093450215,6,1485520214,200800000,11,622703338;8835200000;8.228421
8574595,2093450215,6,1485520230,200800000,12,618713471;8835200000;8.228421
8574595,2093450215,6,1485520247,200800000,13,619275817;8835200000;8.228421
8574595,2093450215,6,1485520264,200800000,14,647195763;8835200000;8.228421
8574595,2093450215,6,1485520281,200800000,15,621974714;8835200000;8.228421
8574595,2093450215,6,1485520297,200800000,16,646144238;8835200000;8.228421
8574595,2093450215,6,1485520314,200800000,17,626327738;8835200000;8.228421
8574595,2093450215,6,1485520331,200800000,18,628631721;8835200000;8.228421
8574595,2093450215,6,1485520348,200800000,19,622323963;8835200000;8.228421
9571021,425978454,10,1485520365,210790000,0,657075828;9274760000;8.637794
9571021,425978454,10,1485520383,210790000,1,643616019;9274760000;8.637794
9571021,425978454,10,1485520400,210790000,2,659759785;9274760000;8.637794
9571021,425978454,10,1485520418,210790000,3,643870732;9274760000;8.637794
9571021,425978454,10,1485520435,210790000,4,650344923;9274760000;8.637794
9571021,425978454,10,1485520453,210790000,5,653642531;9274760000;8.637794
9571021,425978454,10,1485520470,210790000,6,651996455;9274760000;8.637794
9571021,425978454,10,1485520488,210790000,7,658554138;9274760000;8.637794
9571021,425978454,10,1485520506,210790000,8,651708136;9274760000;8.637794
9571021,425978454,10,1485520523,210790000,9,649850267;9274760000;8.637794
9571021,425978454,10,1485520541,210790000,10,669321724;9274760000;8.637794
9571021,425978454,10,1485520558,210790000,11,678033589;9274760000;8.637794
9571021,425978454,10,1485520576,210790000,12,679955591;9274760000;8.637794
9571021,425978454,10,1485520593,210790000,13,659391303;9274760000;8.637794
9571021,425978454,10,1485520611,210790000,14,645013389;9274760000;8.637794
9571021,425978454,10,1485520628,210790000,15,658838548;9274760000;8.637794
9571021,425978454,10,1485520646,210790000,16,681638177;9274760000;8.637794
9571021,425978454,10,1485520663,210790000,17,651680991;9274760000;8.637794
9571021,425978454,10,1485520681,210790000,18,669940282;9274760000;8.637794
9571021,425978454,10,1485520699,210790000,19,644457479;9274760000;8.637794
8730424,677990096,3,1485520717,220780000,0,685447834;9714320000;9.047166
8730424,677990096,3,1485520735,220780000,1,691168832;9714320000;9.047166
8730424,677990096,3,1485520754,220780000,2,686907234;9714320000;9.047166
8730424,677990096,3,1485520772,220780000,3,686095655;9714320000;9.047166
8730424,677990096,3,1485520790,220780000,4,689987311;9714320000;9.047166
8730424,677990096,3,1485520809,220780000,5,679358770;9714320000;9.047166
8730424,677990096,3,1485520827,220780000,6,688054534;9714320000;9.047166
8730424,677990096,3,1485520845,220780000,7,693144418;9714320000;9.047166
8730424,677990096,3,1485520864,220780000,8,680152009;9714320000;9.047166
8730424,677990096,3,1485520882,220780000,9,687720988;9714320000;9.047166
8730424,677990096,3,1485520900,220780000,10,710705823;9714320000;9.047166
8730424,677990096,3,1485520919,220780000,11,705299995;9714320000;9.047166
8730424,677990096,3,1485520937,220780000,12,686653020;9714320000;9.047166
8730424,677990096,3,1485520956,220780000,13,699598178;9714320000;9.047166
8730424,677990096,3,1485520974,220780000,14,715261665;9714320000;9.047166
8730424,677990096,3,1485520992,220780000,15,711539285;9714320000;9.047166
8730424,677990096,3,1485521011,220780000,16,684939134;9714320000;9.047166
8730424,677990096,3,1485521029,220780000,17,683468164;9714320000;9.047166
8730424,677990096,3,1485521047,220780000,18,674583210;9714320000;9.047166
8730424,677990096,3,1485521066,220780000,19,680638142;9714320000;9.047166
8509816,1966731991,3,1485521085,230770000,0,720440191;10153880000;9.456537
8509816,1966731991,3,1485521104,230770000,1,707005387;10153880000;9.456537
8509816,1966731991,3,1485521124,230770000,2,724264992;10153880000;9.456537
8509816,1966731991,3,1485521143,230770000,3,737031232;10153880000;9.456537
8509816,1966731991,3,1485521162,230770000,4,718095650;10153880000;9.456537
8509816,1966731991,3,1485521181,230770000,5,711824376;10153880000;9.456537
8509816,1966731991,3,1485521201,230770000,6,745615700;10153880000;9.456537
8509816,1966731991,3,1485521220,230770000,7,732040026;10153880000;9.456537
8509816,1966731991,3,1485521239,230770000,8,711586124;10153880000;9.456537
8509816,1966731991,3,1485521258,230770000,9,726019349;10153880000;9.456537
8509816,1966731991,3,1485521277,230770000,10,704934347;10153880000;9.456537
8509816,1966731991,3,1485521297,230770000,11,738072658;10153880000;9.456537
8509816,1966731991,3,1485521316,230770000,12,704699471;10153880000;9.456537
8509816,1966731991,3,1485521335,230770000,13,714790930;10153880000;9.456537
8509816,1966731991,3,1485521354,230770000,14,713033834;10153880000;9.456537
8509816,1966731991,3,1485521373,230770000,15,711475394;10153880000;9.456537
8509816,1966731991,3,1485521393,230770000,16,717743537;10153880000;9.456537
8509816,1966731991,3,1485521412,230770000,17,713487756;10153880000;9.456537
8509816,1966731991,3,1485521431,230770000,18,728817161;10153880000;9.456537
8509816,1966731991,3,1485521450,230770000,19,711284107;10153880000;9.456537
9831314,730600682,4,1485521471,240760000,0,840648366;10593440000;9.865910
9831314,730600682,4,1485521491,240760000,1,748051215;10593440000;9.865910
9831314,730600682,4,1485521511,240760000,2,741922751;10593440000;9.865910
9831314,730600682,4,1485521531,240760000,3,739593028;10593440000;9.865910
9831314,730600682,4,1485521551,240760000,4,774359083;10593440000;9.865910
9831314,730600682,4,1485521571,240760000,5,745803197;10593440000;9.865910
9831314,730600682,4,1485521591,240760000,6,747232357;10593440000;9.865910
9831314,730600682,4,1485521611,240760000,7,754239385;10593440000;9.865910
9831314,730600682,4,1485521631,240760000,8,741529083;10593440000;9.865910
9831314,730600682,4,1485521651,240760000,9,740084696;10593440000;9.865910
9831314,730600682,4,1485521671,240760000,10,735230356;10593440000;9.865910
9831314,730600682,4,1485521691,240760000,11,742693247;10593440000;9.865910
9831314,730600682,4,1485521711,240760000,12,735340394;10593440000;9.865910
9831314,730600682,4,1485521731,240760000,13,735235236;10593440000;9.865910
9831314,730600682,4,1485521751,240760000,14,744401726;10593440000;9.865910
9831314,730600682,4,1485521771,240760000,15,743917687;10593440000;9.865910
9831314,730600682,4,1485521791,240760000,16,735184783;10593440000;9.865910
9831314,730600682,4,1485521811,240760000,17,751671549;10593440000;9.865910
9831314,730600682,4,1485521831,240760000,18,745026241;10593440000;9.865910
9831314,730600682,4,1485521851,240760000,19,734973512;10593440000;9.865910
4946385,1054998943,6,1485521872,250750000,0,876931495;11033000000;10.275282
4946385,1054998943,6,1485521893,250750000,1,810652232;11033000000;10.275282
4946385,1054998943,6,1485521914,250750000,2,782165687;11033000000;10.275282
4946385,1054998943,6,1485521935,250750000,3,766703671;11033000000;10.275282
4946385,1054998943,6,1485521955,250750000,4,788148446;11033000000;10.275282
4946385,1054998943,6,1485521976,250750000,5,766463887;11033000000;10.275282
4946385,1054998943,6,1485521997,250750000,6,874619026;11033000000;10.275282
4946385,1054998943,6,1485522018,250750000,7,864799068;11033000000;10.275282
4946385,1054998943,6,1485522039,250750000,8,771787890;11033000000;10.275282
4946385,1054998943,6,1485522060,250750000,9,894636156;11033000000;10.275282
4946385,1054998943,6,1485522081,250750000,10,859848969;11033000000;10.275282
4946385,1054998943,6,1485522102,250750000,11,832988138;11033000000;10.275282
4946385,1054998943,6,1485522123,250750000,12,885877276;11033000000;10.275282
4946385,1054998943,6,1485522144,250750000,13,887021476;11033000000;10.275282
4946385,1054998943,6,1485522164,250750000,14,810262857;11033000000;10.275282
4946385,1054998943,6,1485522185,250750000,15,893317110;11033000000;10.275282
4946385,1054998943,6,1485522206,250750000,16,887413734;11033000000;10.275282
4946385,1054998943,6,1485522227,250750000,17,852432508;11033000000;10.275282
4946385,1054998943,6,1485522248,250750000,18,793086306;11033000000;10.275282
4946385,1054998943,6,1485522269,250750000,19,766221528;11033000000;10.275282
9924754,93561761,8,1485522291,260740000,0,926766951;11472560000;10.684654
9924754,93561761,8,1485522313,260740000,1,905859935;11472560000;10.684654
9924754,93561761,8,1485522335,260740000,2,908027631;11472560000;10.684654
9924754,93561761,8,1485522357,260740000,3,813677193;11472560000;10.684654
9924754,93561761,8,1485522378,260740000,4,815522039;11472560000;10.684654
9924754,93561761,8,1485522400,260740000,5,846350938;11472560000;10.684654
9924754,93561761,8,1485522422,260740000,6,896461225;11472560000;10.684654
9924754,93561761,8,1485522444,260740000,7,922763093;11472560000;10.684654
9924754,93561761,8,1485522465,260740000,8,808498272;11472560000;10.684654
9924754,93561761,8,1485522487,260740000,9,828260838;11472560000;10.684654
9924754,93561761,8,1485522509,260740000,10,950738012;11472560000;10.684654
9924754,93561761,8,1485522530,260740000,11,810322585;11472560000;10.684654
9924754,93561761,8,1485522552,260740000,12,843905553;11472560000;10.684654
9924754,93561761,8,1485522574,260740000,13,810746930;11472560000;10.684654
9924754,93561761,8,1485522596,260740000,14,812710135;11472560000;10.684654
9924754,93561761,8,1485522617,260740000,15,840578739;11472560000;10.684654
9924754,93561761,8,1485522639,260740000,16,814393332;11472560000;10.684654
9924754,93561761,8,1485522661,260740000,17,816401083;11472560000;10.684654
9924754,93561761,8,1485522682,260740000,18,843885837;11472560000;10.684654
9924754,93561761,8,1485522704,260740000,19,849264641;11472560000;10.684654
9870554,12950573,10,1485522727,270730000,0,1103079831;11912120000;11.094027
9870554,12950573,10,1485522750,270730000,1,1088933777;11912120000;11.094027
9870554,12950573,10,1485522774,270730000,2,1108159363;11912120000;11.094027
9870554,12950573,10,1485522798,270730000,3,1115650840;11912120000;11.094027
9870554,12950573,10,1485522821,270730000,4,1107997960;11912120000;11.094027
9870554,12950573,10,1485522845,270730000,5,1132213634;11912120000;11.094027
9870554,12950573,10,1485522868,270730000,6,1074592060;11912120000;11.094027
9870554,12950573,10,1485522892,270730000,7,1107871909;11912120000;11.094027
9870554,12950573,10,1485522915,270730000,8,1099792807;11912120000;11.094027
9870554,12950573,10,1485522939,270730000,9,1091861792;11912120000;11.094027
9870554,12950573,10,1485522962,270730000,10,1062787975;11912120000;11.094027
9870554,12950573,10,1485522986,270730000,11,1086193979;11912120000;11.094027
9870554,12950573,10,1485523009,270730000,12,1093108705;11912120000;11.094027
9870554,12950573,10,1485523033,270730000,13,1114162443;11912120000;11.094027
9870554,12950573,10,1485523056,270730000,14,1076674360;11912120000;11.094027
9870554,12950573,10,1485523080,270730000,15,1089873519;11912120000;11.094027
9870554,12950573,10,1485523104,270730000,16,1111952014;11912120000;11.094027
9870554,12950573,10,1485523127,270730000,17,1093837205;11912120000;11.094027
9870554,12950573,10,1485523151,270730000,18,1085141251;11912120000;11.094027
9870554,12950573,10,1485523175,270730000,19,1132638498;11912120000;11.094027
8484425,1254367556,3,1485523200,280720000,0,1698025385;12351680000;11.503399
8484425,1254367556,3,1485523225,280720000,1,1423111471;12351680000;11.503399
8484425,1254367556,3,1485523250,280720000,2,1256834140;12351680000;11.503399
8484425,1254367556,3,1485523274,280720000,3,1229080921;12351680000;11.503399
8484425,1254367556,3,1485523299,280720000,4,1233515980;12351680000;11.503399
8484425,1254367556,3,1485523324,280720000,5,1245843951;12351680000;11.503399
8484425,1254367556,3,1485523348,280720000,6,1235936331;12351680000;11.503399
8484425,1254367556,3,1485523373,280720000,7,1260296232;12351680000;11.503399
8484425,1254367556,3,1485523398,280720000,8,1247229600;12351680000;11.503399
8484425,1254367556,3,1485523423,280720000,9,1233813953;12351680000;11.503399
8484425,1254367556,3,1485523447,280720000,10,1229610229;12351680000;11.503399
8484425,1254367556,3,1485523472,280720000,11,1229019652;12351680000;11.503399
8484425,1254367556,3,1485523497,280720000,12,1240143141;12351680000;11.503399
8484425,1254367556,3,1485523521,280720000,13,1239930063;12351680000;11.503399
8484425,1254367556,3,1485523546,280720000,14,1265872699;12351680000;11.503399
8484425,1254367556,3,1485523570,280720000,15,1252499441;12351680000;11.503399
8484425,1254367556,3,1485523595,280720000,16,1250424625;12351680000;11.503399
8484425,1254367556,3,1485523620,280720000,17,1267924470;12351680000;11.503399
8484425,1254367556,3,1485523644,280720000,18,1230475128;12351680000;11.503399
8484425,1254367556,3,1485523669,280720000,19,1253500100;12351680000;11.503399
9921253,2828411,7,1485523696,290710000,0,2197410962;12791240000;11.912770
9921253,2828411,7,1485523722,290710000,1,2103906099;12791240000;11.912770
9921253,2828411,7,1485523749,290710000,2,1977253341;12791240000;11.912770
9921253,2828411,7,1485523776,290710000,3,2043351658;12791240000;11.912770
9921253,2828411,7,1485523802,290710000,4,2021744016;12791240000;11.912770
9921253,2828411,7,1485523829,290710000,5,2123348044;12791240000;11.912770
9921253,2828411,7,1485523856,290710000,6,2029247341;12791240000;11.912770
9921253,2828411,7,1485523882,290710000,7,2075766637;12791240000;11.912770
9921253,2828411,7,1485523909,290710000,8,2106448006;12791240000;11.912770
9921253,2828411,7,1485523936,290710000,9,2098580761;12791240000;11.912770
9921253,2828411,7,1485523962,290710000,10,2038518373;12791240000;11.912770
9921253,2828411,7,1485523989,290710000,11,2266158390;12791240000;11.912770
9921253,2828411,7,1485524016,290710000,12,2093995414;12791240000;11.912770
9921253,2828411,7,1485524043,290710000,13,2040588596;12791240000;11.912770
9921253,2828411,7,1485524069,290710000,14,2103380464;12791240000;11.912770
9921253,2828411,7,1485524096,290710000,15,2090887010;12791240000;11.912770
9921253,2828411,7,1485524123,290710000,16,2097869183;12791240000;11.912770
9921253,2828411,7,1485524149,290710000,17,2009732936;12791240000;11.912770
9921253,2828411,7,1485524176,290710000,18,2243438565;12791240000;11.912770
9921253,2828411,7,1485524203,290710000,19,2124538529;12791240000;11.912770
8335486,1536032148,10,1485524231,300700000,0,2772320656;13230800000;12.322143
8335486,1536032148,10,1485524260,300700000,1,2625338116;13230800000;12.322143
8335486,1536032148,10,1485524289,300700000,2,2743867138;13230800000;12.322143
8335486,1536032148,10,1485524317,300700000,3,2783736373;13230800000;12.322143
8335486,1536032148,10,1485524346,300700000,4,2765480464;13230800000;12.322143
8335486,1536032148,10,1485524375,300700000,5,2788721310;13230800000;12.322143
8335486,1536032148,10,1485524403,300700000,6,2788243039;13230800000;12.322143
8335486,1536032148,10,1485524432,300700000,7,2752491293;13230800000;12.322143
8335486,1536032148,10,1485524461,300700000,8,2800197933;13230800000;12.322143
8335486,1536032148,10,1485524490,300700000,9,2750116354;13230800000;12.322143
8335486,1536032148,10,1485524519,300700000,10,2815056189;13230800000;12.322143
8335486,1536032148,10,1485524547,300700000,11,2754311981;13230800000;12.322143
8335486,1536032148,10,1485524576,300700000,12,2793893673;13230800000;12.322143
8335486,1536032148,10,1485524605,300700000,13,2798142034;13230800000;12.322143
8335486,1536032148,10,1485524633,300700000,14,2708188030;13230800000;12.322143
8335486,1536032148,10,1485524662,300700000,15,2817277724;13230800000;12.322143
8335486,1536032148,10,1485524691,300700000,16,2801341410;13230800000;12.322143
8335486,1536032148,10,1485524719,300700000,17,2755885706;13230800000;12.322143
8335486,1536032148,10,1485524748,300700000,18,2742457645;13230800000;12.322143
8335486,1536032148,10,1485524777,300700000,19,2767062039;13230800000;12.322143
6331930,700916691,1,1485524807,310690000,0,3476699098;13670360000;12.731515
6331930,700916691,1,1485524838,310690000,1,3532412556;13670360000;12.731515
6331930,700916691,1,1485524869,310690000,2,3469678657;13670360000;12.731515
6331930,700916691,1,1485524899,310690000,3,3499513540;13670360000;12.731515
6331930,700916691,1,1485524929,310690000,4,3430434470;13670360000;12.731515
6331930,700916691,1,1485524960,310690000,5,3467571496;13670360000;12.731515
6331930,700916691,1,1485524991,310690000,6,3575898636;13670360000;12.731515
6331930,700916691,1,1485525021,310690000,7,3564950643;13670360000;12.731515
6331930,700916691,1,1485525052,310690000,8,3550412830;13670360000;12.731515
6331930,700916691,1,1485525082,310690000,9,3423973407;13670360000;12.731515
6331930,700916691,1,1485525113,310690000,10,3504939142;13670360000;12.731515
6331930,700916691,1,1485525143,310690000,11,3553442358;13670360000;12.731515
6331930,700916691,1,1485525174,310690000,12,3537023565;13670360000;12.731515
6331930,700916691,1,1485525204,310690000,13,3434367292;13670360000;12.731515
6331930,700916691,1,1485525235,310690000,14,3553970177;13670360000;12.731515
6331930,700916691,1,1485525266,310690000,15,3543032174;13670360000;12.731515
6331930,700916691,1,1485525296,310690000,16,3451263111;13670360000;12.731515
6331930,700916691,1,1485525327,310690000,17,3519232155;13670360000;12.731515
6331930,700916691,1,1485525357,310690000,18,3413571721;13670360000;12.731515
6331930,700916691,1,1485525388,310690000,19,3595045412;13670360000;12.731515
9995893,654489690,6,1485525420,320680000,0,4385432421;14109920000;13.140887
9995893,654489690,6,1485525453,320680000,1,4337078672;14109920000;13.140887
9995893,654489690,6,1485525486,320680000,2,4477071110;14109920000;13.140887
9995893,654489690,6,1485525518,320680000,3,4347561832;14109920000;13.140887
9995893,654489690,6,1485525551,320680000,4,4380857036;14109920000;13.140887
9995893,654489690,6,1485525584,320680000,5,4357975261;14109920000;13.140887
9995893,654489690,6,1485525616,320680000,6,4342275748;14109920000;13.140887
9995893,654489690,6,1485525649,320680000,7,4324329352;14109920000;13.140887
9995893,654489690,6,1485525682,320680000,8,4371980714;14109920000;13.140887
9995893,654489690,6,1485525715,320680000,9,4495834304;14109920000;13.140887
9995893,654489690,6,1485525747,320680000,10,4372539667;14109920000;13.140887
9995893,654489690,6,1485525780,320680000,11,4468161535;14109920000;13.140887
9995893,654489690,6,1485525813,320680000,12,4389519372;14109920000;13.140887
9995893,654489690,6,1485525846,320680000,13,4428974025;14109920000;13.140887
9995893,654489690,6,1485525879,320680000,14,4571705522;14109920000;13.140887
9995893,654489690,6,1485525911,320680000,15,4397624269;14109920000;13.140887
9995893,654489690,6,1485525944,320680000,16,4414811477;14109920000;13.140887
9995893,654489690,6,1485525977,320680000,17,4407931366;14109920000;13.140887
9995893,654489690,6,1485526010,320680000,18,4343585718;14109920000;13.140887
9995893,654489690,6,1485526042,320680000,19,4502683638;14109920000;13.140887
8238396,1151210497,2,1485526077,330670000,0,5263262368;14549480000;13.550260
8238396,1151210497,2,1485526112,330670000,1,5295440297;14549480000;13.550260
8238396,1151210497,2,1485526146,330670000,2,5292955659;14549480000;13.550260
8238396,1151210497,2,1485526181,330670000,3,5199692420;14549480000;13.550260
8238396,1151210497,2,1485526216,330670000,4,5284507740;14549480000;13.550260
8238396,1151210497,2,1485526251,330670000,5,5244341515;14549480000;13.550260
8238396,1151210497,2,1485526285,330670000,6,5263401847;14549480000;13.550260
8238396,1151210497,2,1485526320,330670000,7,5260472784;14549480000;13.550260
8238396,1151210497,2,1485526354,330670000,8,5333964197;14549480000;13.550260
8238396,1151210497,2,1485526389,330670000,9,5288443945;14549480000;13.550260
8238396,1151210497,2,1485526424,330670000,10,5244598582;14549480000;13.550260
8238396,1151210497,2,1485526458,330670000,11,5192849410;14549480000;13.550260
8238396,1151210497,2,1485526493,330670000,12,5253146205;14549480000;13.550260
8238396,1151210497,2,1485526528,330670000,13,5332536513;14549480000;13.550260
8238396,1151210497,2,1485526562,330670000,14,5328031152;14549480000;13.550260
8238396,1151210497,2,1485526597,330670000,15,5295564679;14549480000;13.550260
8238396,1151210497,2,1485526632,330670000,16,5201140148;14549480000;13.550260
8238396,1151210497,2,1485526667,330670000,17,5350918972;14549480000;13.550260
8238396,1151210497,2,1485526701,330670000,18,5399534505;14549480000;13.550260
8238396,1151210497,2,1485526736,330670000,19,5288355555;14549480000;13.550260
9671194,2024468698,7,1485526772,340660000,0,6021780614;14989040000;13.959631
9671194,2024468698,7,1485526809,340660000,1,6087319374;14989040000;13.959631
9671194,2024468698,7,1485526846,340660000,2,5927094673;14989040000;13.959631
9671194,2024468698,7,1485526883,340660000,3,6104666559;14989040000;13.959631
9671194,2024468698,7,1485526919,340660000,4,5844959775;14989040000;13.959631
9671194,2024468698,7,1485526956,340660000,5,5963406782;14989040000;13.959631
9671194,2024468698,7,1485526992,340660000,6,5881883864;14989040000;13.959631
9671194,2024468698,7,1485527028,340660000,7,5758089763;14989040000;13.959631
9671194,2024468698,7,1485527065,340660000,8,5848482386;14989040000;13.959631
9671194,2024468698,7,1485527101,340660000,9,5860613605;14989040000;13.959631
9671194,2024468698,7,1485527138,340660000,10,5871138468;14989040000;13.959631
9671194,2024468698,7,1485527174,340660000,11,5875766669;14989040000;13.959631
9671194,2024468698,7,1485527211,340660000,12,6043963280;14989040000;13.959631
9671194,2024468698,7,1485527247,340660000,13,5919558852;14989040000;13.959631
9671194,2024468698,7,1485527284,340660000,14,5934652213;14989040000;13.959631
9671194,2024468698,7,1485527321,340660000,15,5932587399;14989040000;13.959631
9671194,2024468698,7,1485527357,340660000,16,5819191310;14989040000;13.959631
9671194,2024468698,7,1485527394,340660000,17,6122660665;14989040000;13.959631
9671194,2024468698,7,1485527430,340660000,18,5900018434;14989040000;13.959631
9671194,2024468698,7,1485527467,340660000,19,6103278763;14989040000;13.959631
9669490,393777561,8,1485527505,350650000,0,6870513841;15428600000;14.369003
9669490,393777561,8,1485527542,350650000,1,5873943480;15428600000;14.369003
9669490,393777561,8,1485527579,350650000,2,5641763729;15428600000;14.369003
9669490,393777561,8,1485527616,350650000,3,5682960864;15428600000;14.369003
9669490,393777561,8,1485527653,350650000,4,5667597850;15428600000;14.369003
9669490,393777561,8,1485527690,350650000,5,5654097957;15428600000;14.369003
9669490,393777561,8,1485527727,350650000,6,5970876352;15428600000;14.369003
9669490,393777561,8,1485527764,350650000,7,5616232819;15428600000;14.369003
9669490,393777561,8,1485527801,350650000,8,5944266085;15428600000;14.369003
9669490,393777561,8,1485527838,350650000,9,5885996907;15428600000;14.369003
9669490,393777561,8,1485527875,350650000,10,5640137615;15428600000;14.369003
9669490,393777561,8,1485527912,350650000,11,5612443072;15428600000;14.369003
9669490,393777561,8,1485527949,350650000,12,5620685790;15428600000;14.369003
9669490,393777561,8,1485527986,350650000,13,5840370653;15428600000;14.369003
9669490,393777561,8,1485528023,350650000,14,5706453635;15428600000;14.369003
9669490,393777561,8,148552