Timestamp;N;Repetition;Q1TimeInNanoSec_SingleThreaded;Q2TimeInNanoSec_SingleThreaded;Q3TimeInNanoSec_SingleThreaded;Q1TimeInNanoSec_MultiThreaded;Q2TimeInNanoSec_MultiThreaded;Q3TimeInNanoSec_MultiThreaded;CustomerTableInByte;ItemTableInByte;JoinTableInByte;Q1NumRecordsToProcess;Q1NumRecordToProcessedRefSize;Q1NumRecordToProcessedDeRefSize;Q2NumRecordsToProcess;Q2NumRecordToProcessedRefSize;Q2NumRecordToProcessedDeRefSize;Q3NumRecordsToProcess;Q3NumRecordToProcessedRefSize;Q3NumRecordToProcessedDeRefSize;Q1GBpsecSingleThreaded;Q2GBpsecSingleThreaded;Q3GBpsecSingleThreaded;Q1GBpsecMultiThreaded;Q2GBpsecMultiThreaded;Q3GBpsecMultiThreaded;Type
1486145804;300000;0;835;2093283;283907;531643;2135734;423779;33600000;6720000;1200;150;150;8;8;150;8;112;210000;8;8;2.874252;0.008599;11.834862;0.004514;0.008428;7.928660;ColumnStore
1486145804;300000;0;766;3954307;459086;325532;2438535;620337;33600000;6720000;1200;150;150;8;32;150;8;112;210000;8;32;7.832898;0.004552;18.297224;0.018431;0.007381;13.541026;RowStore
1486145804;300000;1;987;1911140;137402;329861;2416134;312491;33600000;6720000;1200;150;150;8;8;150;8;112;210000;8;8;2.431611;0.009418;24.453791;0.007276;0.007450;10.752310;ColumnStore
1486145804;300000;1;1258;1563771;509750;224888;1346447;782254;33600000;6720000;1200;150;150;8;32;150;8;112;210000;8;32;4.769475;0.011511;16.478666;0.026680;0.013369;10.738200;RowStore
1486145804;300000;2;741;2134226;135012;298835;2113708;352204;33600000;6720000;1200;150;150;8;8;150;8;112;210000;8;8;3.238867;0.008434;24.886677;0.008031;0.008516;9.539926;ColumnStore
1486145805;300000;2;1472;1252378;369068;665086;1617944;660138;33600000;6720000;1200;150;150;8;32;150;8;112;210000;8;32;4.076087;0.014373;22.760033;0.009021;0.011125;12.724612;RowStore
1486145805;300000;3;817;1792479;135458;358510;1967701;330509;33600000;6720000;1200;150;150;8;8;150;8;112;210000;8;8;2.937577;0.010042;24.804735;0.006694;0.009148;10.166138;ColumnStore
1486145805;300000;3;1169;1332283;367130;342828;1696284;519273;33600000;6720000;1200;150;150;8;32;150;8;112;210000;8;32;5.132592;0.013511;22.880177;0.017501;0.010611;16.176462;RowStore
1486145805;300000;4;1197;1853978;135197;263046;2189903;323531;33600000;6720000;1200;150;150;8;8;150;8;112;210000;8;8;2.005013;0.009709;24.852623;0.009124;0.008220;10.385403;ColumnStore
1486145805;300000;4;1844;1285463;337047;547090;1708155;675588;33600000;6720000;1200;150;150;8;32;150;8;112;210000;8;32;3.253796;0.014003;24.922338;0.010967;0.010538;12.433614;RowStore
1486145805;300000;5;1308;1805032;183514;467087;2228209;354124;33600000;6720000;1200;150;150;8;8;150;8;112;210000;8;8;1.834862;0.009972;18.309229;0.005138;0.008078;9.488202;ColumnStore
1486145805;300000;5;1101;1549743;399541;355586;1403644;820516;33600000;6720000;1200;150;150;8;32;150;8;112;210000;8;32;5.449592;0.011615;21.024124;0.016874;0.012824;10.237459;RowStore
1486145806;300000;6;1018;1925124;134405;238754;2198861;340088;33600000;6720000;1200;150;150;8;8;150;8;112;210000;8;8;2.357564;0.009350;24.999071;0.010052;0.008186;9.879795;ColumnStore
1486145806;300000;6;1021;1268949;354089;604882;1719200;730421;33600000;6720000;1200;150;150;8;32;150;8;112;210000;8;32;5.876592;0.014185;23.722849;0.009919;0.010470;11.500216;RowStore
1486145806;300000;7;1362;1708131;136921;577318;2478094;492222;33600000;6720000;1200;150;150;8;8;150;8;112;210000;8;8;1.762115;0.010538;24.539700;0.004157;0.007264;6.826188;ColumnStore
1486145806;300000;7;821;1457819;438951;341344;1747389;759856;33600000;6720000;1200;150;150;8;32;150;8;112;210000;8;32;7.308161;0.012347;19.136532;0.017578;0.010301;11.054726;RowStore
1486145806;300000;8;831;1914304;145302;612645;2546118;276640;33600000;6720000;1200;150;150;8;8;150;8;112;210000;8;8;2.888087;0.009403;23.124252;0.003917;0.007070;12.145749;ColumnStore
1486145806;300000;8;1163;1393946;716697;309636;1455596;723854;33600000;6720000;1200;150;150;8;32;150;8;112;210000;8;32;5.159071;0.012913;11.720433;0.019378;0.012366;11.604549;RowStore
1486145806;300000;9;788;1677661;134734;665009;1994226;359380;33600000;6720000;1200;150;150;8;8;150;8;112;210000;8;8;3.045685;0.010729;24.938026;0.003609;0.009026;9.349435;ColumnStore
1486145807;300000;9;1102;1657309;357213;674028;2047028;751866;33600000;6720000;1200;150;150;8;32;150;8;112;210000;8;32;5.444646;0.010861;23.515381;0.008902;0.008793;11.172203;RowStore
1486145807;300000;10;827;2191270;190059;388201;2404211;487056;33600000;6720000;1200;150;150;8;8;150;8;112;210000;8;8;2.902056;0.008214;17.678720;0.006182;0.007487;6.898591;ColumnStore
1486145807;300000;10;1299;1388863;345666;320953;2119967;771933;33600000;6720000;1200;150;150;8;32;150;8;112;210000;8;32;4.618938;0.012960;24.300915;0.018694;0.008491;10.881773;RowStore
1486145807;300000;11;890;2001846;153340;258417;2016391;328381;33600000;6720000;1200;150;150;8;8;150;8;112;210000;8;8;2.696629;0.008992;21.912090;0.009287;0.008927;10.232018;ColumnStore
1486145807;300000;11;975;1322051;390112;311478;1977962;648326;33600000;6720000;1200;150;150;8;32;150;8;112;210000;8;32;6.153846;0.013615;21.532278;0.019263;0.009100;12.956444;RowStore
1486145807;300000;12;1282;2051446;149999;319937;2229180;375262;33600000;6720000;1200;150;150;8;8;150;8;112;210000;8;8;1.872075;0.008774;22.400148;0.007501;0.008075;8.953744;ColumnStore
1486145807;300000;12;798;1351003;436525;290997;1641611;621350;33600000;6720000;1200;150;150;8;32;150;8;112;210000;8;32;7.518797;0.013323;19.242884;0.020619;0.010965;13.518950;RowStore
1486145808;300000;13;745;1643839;136901;479452;2197629;455142;33600000;6720000;1200;150;150;8;8;150;8;112;210000;8;8;3.221477;0.010950;24.543283;0.005006;0.008191;7.382311;ColumnStore
1486145808;300000;13;1459;1469616;352226;425986;1911351;614673;33600000;6720000;1200;150;150;8;32;150;8;112;210000;8;32;4.112406;0.012248;23.848324;0.014085;0.009417;13.665802;RowStore
1486145808;300000;14;975;2086287;152968;244550;2268592;398994;33600000;6720000;1200;150;150;8;8;150;8;112;210000;8;8;2.461539;0.008628;21.965378;0.009814;0.007934;8.421180;ColumnStore
1486145808;300000;14;1748;1401695;368919;205076;1305551;596887;33600000;6720000;1200;150;150;8;32;150;8;112;210000;8;32;3.432494;0.012842;22.769226;0.029257;0.013787;14.073014;RowStore
1486145808;300000;15;1062;1836356;149893;254070;2012222;686794;33600000;6720000;1200;150;150;8;8;150;8;112;210000;8;8;2.259887;0.009802;22.415989;0.009446;0.008945;4.892297;ColumnStore
1486145808;300000;15;1264;1539121;402485;341589;1899831;697078;33600000;6720000;1200;150;150;8;32;150;8;112;210000;8;32;4.746835;0.011695;20.870342;0.017565;0.009475;12.050301;RowStore
1486145808;300000;16;828;1726278;134617;240470;2156084;375805;33600000;6720000;1200;150;150;8;8;150;8;112;210000;8;8;2.898551;0.010427;24.959700;0.009980;0.008348;8.940807;ColumnStore
1486145809;300000;16;893;1295218;388679;210775;1796437;648425;33600000;6720000;1200;150;150;8;32;150;8;112;210000;8;32;6.718925;0.013897;21.611664;0.028466;0.010020;12.954466;RowStore
1486145809;300000;17;878;1808307;156143;454125;2180980;402417;33600000;6720000;1200;150;150;8;8;150;8;112;210000;8;8;2.733485;0.009954;21.518736;0.005285;0.008253;8.349547;ColumnStore
1486145809;300000;17;1178;1518929;376480;427573;1566906;508690;33600000;6720000;1200;150;150;8;32;150;8;112;210000;8;32;5.093379;0.011850;22.311941;0.014033;0.011488;16.513002;RowStore
1486145809;300000;18;664;2059843;135802;298507;2151062;542628;33600000;6720000;1200;150;150;8;8;150;8;112;210000;8;8;3.614458;0.008739;24.741905;0.008040;0.008368;6.192087;ColumnStore
1486145809;300000;18;1631;1699258;402355;1751502;1894566;582090;33600000;6720000;1200;150;150;8;32;150;8;112;210000;8;32;3.678725;0.010593;20.877085;0.003426;0.009501;14.430758;RowStore
1486145809;300000;19;1438;2210831;137237;183322;2563316;353318;33600000;6720000;1200;150;150;8;8;150;8;112;210000;8;8;1.668985;0.008142;24.483192;0.013092;0.007022;9.509847;ColumnStore
1486145809;300000;19;834;1395067;378120;603668;1690902;742245;33600000;6720000;1200;150;150;8;32;150;8;112;210000;8;32;7.194245;0.012903;22.215170;0.009939;0.010645;11.317018;RowStore
1486145810;300000;20;749;1774176;139730;245844;1967011;473443;33600000;6720000;1200;150;150;8;8;150;8;112;210000;8;8;3.204273;0.010146;24.046375;0.009762;0.009151;7.096947;ColumnStore
1486145810;300000;20;1045;1325020;371145;173471;1577246;625635;33600000;6720000;1200;150;150;8;32;150;8;112;210000;8;32;5.741627;0.013585;22.632664;0.034588;0.011412;13.426359;RowStore
1486145810;300000;21;970;1828851;141643;691001;2330378;434436;33600000;6720000;1200;150;150;8;8;150;8;112;210000;8;8;2.474227;0.009842;23.721609;0.003473;0.007724;7.734166;ColumnStore
1486145810;300000;21;1025;1580130;428565;721306;1677499;1144851;33600000;6720000;1200;150;150;8;32;150;8;112;210000;8;32;5.853659;0.011391;19.600294;0.008318;0.010730;7.337199;RowStore
1486145810;300000;22;607;1948450;172275;336915;1949055;230178;33600000;6720000;1200;150;150;8;8;150;8;112;210000;8;8;3.953872;0.009238;19.503700;0.007123;0.009235;14.597398;ColumnStore
1486145810;300000;22;1507;1878311;453834;1731864;1378105;787739;33600000;6720000;1200;150;150;8;32;150;8;112;210000;8;32;3.981420;0.009583;18.508968;0.003464;0.013061;10.663430;RowStore
1486145810;300000;23;935;1754664;169649;301419;1999773;398398;33600000;6720000;1200;150;150;8;8;150;8;112;210000;8;8;2.566845;0.010258;19.805597;0.007962;0.009001;8.433777;ColumnStore
1486145811;300000;23;836;1309407;351752;187213;2212829;654599;33600000;6720000;1200;150;150;8;32;150;8;112;210000;8;32;7.177033;0.013747;23.880459;0.032049;0.008134;12.832283;RowStore
1486145811;300000;24;711;1776566;136281;489226;2088458;576927;33600000;6720000;1200;150;150;8;8;150;8;112;210000;8;8;3.375528;0.010132;24.654942;0.004906;0.008619;5.823961;ColumnStore
1486145811;300000;24;835;1454110;342609;590373;1855265;685229;33600000;6720000;1200;150;150;8;32;150;8;112;210000;8;32;7.185629;0.012379;24.517742;0.010163;0.009702;12.258675;RowStore
1486145811;300000;25;904;1818837;135163;371321;2321804;462241;33600000;6720000;1200;150;150;8;8;150;8;112;210000;8;8;2.654867;0.009896;24.858873;0.006463;0.007753;7.268935;ColumnStore
1486145811;300000;25;1092;1396980;339715;508641;1538715;720844;33600000;6720000;1200;150;150;8;32;150;8;112;210000;8;32;5.494505;0.012885;24.726606;0.011796;0.011698;11.653006;RowStore
1486145811;300000;26;966;2189949;165948;262050;2069544;428936;33600000;6720000;1200;150;150;8;8;150;8;112;210000;8;8;2.484472;0.008219;20.247305;0.009159;0.008698;7.833336;ColumnStore
1486145811;300000;26;1174;1752522;380776;2053348;1645745;669416;33600000;6720000;1200;150;150;8;32;150;8;112;210000;8;32;5.110733;0.010271;22.060213;0.002922;0.010937;12.548251;RowStore
1486145812;300000;27;1023;1788094;140135;300237;1945910;353553;33600000;6720000;1200;150;150;8;8;150;8;112;210000;8;8;2.346041;0.010067;23.976879;0.007994;0.009250;9.503525;ColumnStore
1486145812;300000;27;1001;1408408;370844;321954;2144687;608556;33600000;6720000;1200;150;150;8;32;150;8;112;210000;8;32;5.994006;0.012780;22.651033;0.018636;0.008393;13.803167;RowStore
1486145812;300000;28;900;2000179;139725;337242;2058552;532703;33600000;6720000;1200;150;150;8;8;150;8;112;210000;8;8;2.666667;0.008999;24.047235;0.007117;0.008744;6.307455;ColumnStore
1486145812;300000;28;986;1390066;367461;280168;1926823;737559;33600000;6720000;1200;150;150;8;32;150;8;112;210000;8;32;6.085193;0.012949;22.859568;0.021416;0.009342;11.388919;RowStore
1486145812;300000;29;767;1886595;134905;252332;2265564;464311;33600000;6720000;1200;150;150;8;8;150;8;112;210000;8;8;3.129074;0.009541;24.906416;0.009511;0.007945;7.236529;ColumnStore
1486145812;300000;29;1208;1414749;343693;423816;1500951;662428;33600000;6720000;1200;150;150;8;32;150;8;112;210000;8;32;4.966888;0.012723;24.440414;0.014157;0.011992;12.680623;RowStore
1486145813;300000;30;672;2130861;141859;450304;2280525;359632;33600000;6720000;1200;150;150;8;8;150;8;112;210000;8;8;3.571429;0.008447;23.685492;0.005330;0.007893;9.342884;ColumnStore
1486145813;300000;30;1500;2213673;443241;1589365;1559649;545528;33600000;6720000;1200;150;150;8;32;150;8;112;210000;8;32;4.000000;0.008131;18.951315;0.003775;0.011541;15.397925;RowStore
1486145813;300000;31;961;1846472;133811;360363;2024209;299494;33600000;6720000;1200;150;150;8;8;150;8;112;210000;8;8;2.497399;0.009748;25.110043;0.006660;0.008892;11.218923;ColumnStore
1486145813;300000;31;1197;1286336;343674;259157;2134260;675741;33600000;6720000;1200;150;150;8;32;150;8;112;210000;8;32;5.012532;0.013993;24.441767;0.023152;0.008434;12.430798;RowStore
1486145813;300000;32;964;1927106;138448;236766;2247739;505377;33600000;6720000;1200;150;150;8;8;150;8;112;210000;8;8;2.489627;0.009340;24.269039;0.010137;0.008008;6.648502;ColumnStore
1486145813;300000;32;877;1355587;351382;229289;2049901;719527;33600000;6720000;1200;150;150;8;32;150;8;112;210000;8;32;6.841506;0.013278;23.905605;0.026168;0.008781;11.674335;RowStore
1486145813;300000;33;1177;1760476;153689;347662;2052880;301185;33600000;6720000;1200;150;150;8;8;150;8;112;210000;8;8;2.039083;0.010225;21.862331;0.006903;0.008768;11.155933;ColumnStore
1486145814;300000;33;1405;1547452;339432;231756;1136583;537282;33600000;6720000;1200;150;150;8;32;150;8;112;210000;8;32;4.270463;0.011632;24.747223;0.025889;0.015837;15.634248;RowStore
1486145814;300000;34;898;2745896;152176;273154;1770520;394618;33600000;6720000;1200;150;150;8;8;150;8;112;210000;8;8;2.672606;0.006555;22.079697;0.008786;0.010167;8.514564;ColumnStore
1486145814;300000;34;1282;1694432;384861;1467616;1617842;501467;33600000;6720000;1200;150;150;8;32;150;8;112;210000;8;32;4.680188;0.010623;21.826061;0.004088;0.011126;16.750853;RowStore
1486145814;300000;35;987;1869290;221595;257384;2208007;468461;33600000;6720000;1200;150;150;8;8;150;8;112;210000;8;8;2.431611;0.009629;15.162797;0.009325;0.008152;7.172422;ColumnStore
1486145814;300000;35;827;1340782;364246;245363;1558624;782781;33600000;6720000;1200;150;150;8;32;150;8;112;210000;8;32;7.255139;0.013425;23.061337;0.024454;0.011549;10.730970;RowStore
1486145814;300000;36;924;1855784;197096;426654;2385760;474329;33600000;6720000;1200;150;150;8;8;150;8;112;210000;8;8;2.597403;0.009699;17.047529;0.005625;0.007545;7.083691;ColumnStore
1486145814;300000;36;1032;1337793;339889;277343;1505485;676722;33600000;6720000;1200;150;150;8;32;150;8;112;210000;8;32;5.813954;0.013455;24.713949;0.021634;0.011956;12.412778;RowStore
1486145815;300000;37;898;1682915;151880;445905;2619191;436673;33600000;6720000;1200;150;150;8;8;150;8;112;210000;8;8;2.672606;0.010696;22.122728;0.005382;0.006872;7.694545;ColumnStore
1486145815;300000;37;1152;1492930;362208;318627;2152442;723990;33600000;6720000;1200;150;150;8;32;150;8;112;210000;8;32;5.208333;0.012057;23.191093;0.018831;0.008363;11.602370;RowStore
1486145815;300000;38;700;2112777;153069;333939;2141690;435909;33600000;6720000;1200;150;150;8;8;150;8;112;210000;8;8;3.428572;0.008520;21.950884;0.007187;0.008405;7.708031;ColumnStore
1486145815;300000;38;1342;1269753;370035;755937;1615213;643204;33600000;6720000;1200;150;150;8;32;150;8;112;210000;8;32;4.470939;0.014176;22.700554;0.007937;0.011144;13.059619;RowStore
1486145815;300000;39;847;1842817;135639;389413;2274747;654907;33600000;6720000;1200;150;150;8;8;150;8;112;210000;8;8;2.833530;0.009768;24.771637;0.006163;0.007913;5.130499;ColumnStore
1486145815;300000;39;758;1290490;341519;310611;5926961;650837;33600000;6720000;1200;150;150;8;32;150;8;112;210000;8;32;7.915567;0.013948;24.595997;0.019317;0.003037;12.906456;RowStore
1486145815;300000;40;1181;1768699;184578;218493;2513992;183196;33600000;6720000;1200;150;150;8;8;150;8;112;210000;8;8;2.032176;0.010177;18.203686;0.010984;0.007160;18.341013;ColumnStore
1486145816;300000;40;770;1423117;368025;278226;1840602;668824;33600000;6720000;1200;150;150;8;32;150;8;112;210000;8;32;7.792208;0.012648;22.824535;0.021565;0.009779;12.559358;RowStore
1486145816;300000;41;1096;1933393;143199;147103;2098561;336636;33600000;6720000;1200;150;150;8;8;150;8;112;210000;8;8;2.189781;0.009310;23.463852;0.016315;0.008577;9.981107;ColumnStore
1486145816;300000;41;1117;1406743;390165;263755;2379906;719182;33600000;6720000;1200;150;150;8;32;150;8;112;210000;8;32;5.371531;0.012796;21.529352;0.022748;0.007563;11.679935;RowStore
1486145816;300000;42;626;2061524;154616;438404;2070614;288520;33600000;6720000;1200;150;150;8;8;150;8;112;210000;8;8;3.833866;0.008731;21.731256;0.005474;0.008693;11.645639;ColumnStore
1486145816;300000;42;1230;1344205;388817;327208;1515370;818224;33600000;6720000;1200;150;150;8;32;150;8;112;210000;8;32;4.878049;0.013391;21.603994;0.018337;0.011878;10.266137;RowStore
1486145816;300000;43;894;1799894;135496;491789;2183350;342590;33600000;6720000;1200;150;150;8;8;150;8;112;210000;8;8;2.684564;0.010001;24.797781;0.004880;0.008244;9.807642;ColumnStore
1486145816;300000;43;825;1311994;415115;286060;2243123;714181;33600000;6720000;1200;150;150;8;32;150;8;112;210000;8;32;7.272728;0.013720;20.235355;0.020975;0.008025;11.761724;RowStore
1486145817;300000;44;1186;1865715;156963;334260;2713079;399246;33600000;6720000;1200;150;150;8;8;150;8;112;210000;8;8;2.023609;0.009648;21.406319;0.007180;0.006635;8.415864;ColumnStore
1486145817;300000;44;1172;1399679;349559;293826;1894033;825775;33600000;6720000;1200;150;150;8;32;150;8;112;210000;8;32;5.119454;0.012860;24.030277;0.020420;0.009504;10.172262;RowStore
1486145817;300000;45;1159;1936282;212052;701912;2406637;315441;33600000;6720000;1200;150;150;8;8;150;8;112;210000;8;8;2.070751;0.009296;15.845170;0.003419;0.007479;10.651754;ColumnStore
1486145817;300000;45;1303;1392090;353991;299670;1604588;630491;33600000;6720000;1200;150;150;8;32;150;8;112;210000;8;32;4.604758;0.012930;23.729416;0.020022;0.011218;13.322949;RowStore
1486145817;300000;46;849;2002024;136112;286071;2696676;744160;33600000;6720000;1200;150;150;8;8;150;8;112;210000;8;8;2.826855;0.008991;24.685555;0.008390;0.006675;4.515158;ColumnStore
1486145817;300000;46;1285;1787763;375380;1491155;1502106;632106;33600000;6720000;1200;150;150;8;32;150;8;112;210000;8;32;4.669261;0.010068;22.377323;0.004024;0.011983;13.288911;RowStore
1486145817;300000;47;1062;1767310;151326;628610;2704957;325351;33600000;6720000;1200;150;150;8;8;150;8;112;210000;8;8;2.259887;0.010185;22.203718;0.003818;0.006654;10.327309;ColumnStore
1486145818;300000;47;863;1380002;364820;311026;1552533;622701;33600000;6720000;1200;150;150;8;32;150;8;112;210000;8;32;6.952491;0.013043;23.025053;0.019291;0.011594;13.489619;RowStore
1486145818;300000;48;878;1859244;141568;279059;2392830;343459;33600000;6720000;1200;150;150;8;8;150;8;112;210000;8;8;2.733485;0.009681;23.734177;0.008600;0.007522;9.782827;ColumnStore
1486145818;300000;48;810;1437849;368144;303290;1449768;594598;33600000;6720000;1200;150;150;8;32;150;8;112;210000;8;32;7.407407;0.012519;22.817158;0.019783;0.012416;14.127192;RowStore
1486145818;300000;49;921;1736699;142835;271992;2212186;550638;33600000;6720000;1200;150;150;8;8;150;8;112;210000;8;8;2.605863;0.010364;23.523647;0.008824;0.008137;6.102013;ColumnStore
1486145818;300000;49;1094;1460783;400277;264859;2350500;885166;33600000;6720000;1200;150;150;8;32;150;8;112;210000;8;32;5.484461;0.012322;20.985466;0.022654;0.007658;9.489745;RowStore
1486145821;4040000;0;3950;9912963;2452186;476635;8752949;2480606;452480000;90496000;1200;150;150;8;8;150;8;112;2828000;8;8;0.607595;0.001816;18.452108;0.005035;0.002056;18.240704;ColumnStore
1486145823;4040000;0;4439;2062984;5078931;662985;2041162;4957407;452480000;90496000;1200;150;150;8;32;150;8;112;2828000;8;32;1.351656;0.008725;22.272404;0.009050;0.008819;22.818380;RowStore
1486145825;4040000;1;2784;8875531;2449912;590616;6777400;3034543;452480000;90496000;1200;150;150;8;8;150;8;112;2828000;8;8;0.862069;0.002028;18.469234;0.004064;0.002656;14.910977;ColumnStore
1486145827;4040000;1;4156;2798189;5113314;181356;3744793;5103230;452480000;90496000;1200;150;150;8;32;150;8;112;2828000;8;32;1.443696;0.006433;22.122639;0.033084;0.004807;22.166353;RowStore
1486145829;4040000;2;1846;7987998;2292437;550218;5137466;2548396;452480000;90496000;1200;150;150;8;8;150;8;112;2828000;8;8;1.300108;0.002253;19.737947;0.004362;0.003504;17.755484;ColumnStore
1486145831;4040000;2;4175;1826359;5823350;628145;1748045;5618676;452480000;90496000;1200;150;150;8;32;150;8;112;2828000;8;32;1.437126;0.009856;19.425243;0.009552;0.010297;20.132856;RowStore
1486145833;4040000;3;2547;6252004;2302167;378567;4789510;2576594;452480000;90496000;1200;150;150;8;8;150;8;112;2828000;8;8;0.942285;0.002879;19.654526;0.006340;0.003758;17.561169;ColumnStore
1486145835;4040000;3;2504;3391694;5072517;451676;2199872;5045584;452480000;90496000;1200;150;150;8;32;150;8;112;2828000;8;32;2.396166;0.005307;22.300566;0.013284;0.008182;22.419605;RowStore
1486145837;4040000;4;1562;6764070;2288441;576592;4754092;2358262;452480000;90496000;1200;150;150;8;8;150;8;112;2828000;8;8;1.536492;0.002661;19.772413;0.004162;0.003786;19.187012;ColumnStore
1486145839;4040000;4;2711;1771976;5243347;215347;1973502;5063399;452480000;90496000;1200;150;150;8;32;150;8;112;2828000;8;32;2.213206;0.010158;21.574005;0.027862;0.009121;22.340723;RowStore
1486145841;4040000;5;1510;7015587;2158188;350278;4887720;3243758;452480000;90496000;1200;150;150;8;8;150;8;112;2828000;8;8;1.589404;0.002566;20.965736;0.006852;0.003683;13.949253;ColumnStore
1486145843;4040000;5;1261;1642380;5021443;799663;1900422;4719726;452480000;90496000;1200;150;150;8;32;150;8;112;2828000;8;32;4.758129;0.010960;22.527388;0.007503;0.009472;23.967493;RowStore
1486145845;4040000;6;1590;6707298;2829511;835896;6939173;2664308;452480000;90496000;1200;150;150;8;8;150;8;112;2828000;8;8;1.509434;0.002684;15.991457;0.002871;0.002594;16.983023;ColumnStore
1486145847;4040000;6;1530;1869685;5912947;327907;2506153;5416915;452480000;90496000;1200;150;150;8;32;150;8;112;2828000;8;32;3.921569;0.009627;19.130899;0.018298;0.007182;20.882734;RowStore
1486145849;4040000;7;1332;6793594;2338974;152037;4592910;3006349;452480000;90496000;1200;150;150;8;8;150;8;112;2828000;8;8;1.801802;0.002650;19.345234;0.015786;0.003919;15.050815;ColumnStore
1486145851;4040000;7;3863;2149458;5475172;473126;1803088;5623460;452480000;90496000;1200;150;150;8;32;150;8;112;2828000;8;32;1.553197;0.008374;20.660538;0.012682;0.009983;20.115730;RowStore
1486145853;4040000;8;1262;6843526;2846974;397352;4884249;2737949;452480000;90496000;1200;150;150;8;8;150;8;112;2828000;8;8;1.901743;0.002630;15.893367;0.006040;0.003685;16.526241;ColumnStore
1486145855;4040000;8;1256;1611296;4980503;456678;1952736;5135036;452480000;90496000;1200;150;150;8;32;150;8;112;2828000;8;32;4.777070;0.011171;22.712564;0.013138;0.009218;22.029057;RowStore
1486145857;4040000;9;1542;6418760;2303956;329614;4961189;2894574;452480000;90496000;1200;150;150;8;8;150;8;112;2828000;8;8;1.556420;0.002804;19.639263;0.007281;0.003628;15.632007;ColumnStore
1486145859;4040000;9;1847;2440971;5285253;3443115;2637415;5102925;452480000;90496000;1200;150;150;8;32;150;8;112;2828000;8;32;3.248511;0.007374;21.402948;0.001743;0.006825;22.167677;RowStore
1486145861;4040000;10;1334;7284590;2244089;283255;4475944;2543316;452480000;90496000;1200;150;150;8;8;150;8;112;2828000;8;8;1.799101;0.002471;20.163193;0.008473;0.004021;17.790947;ColumnStore
1486145863;4040000;10;2985;1657525;5308016;407341;1962338;5554238;452480000;90496000;1200;150;150;8;32;150;8;112;2828000;8;32;2.010050;0.010860;21.311163;0.014730;0.009173;20.366430;RowStore
1486145865;4040000;11;1366;6723713;2247738;244759;4399023;2507679;452480000;90496000;1200;150;150;8;8;150;8;112;2828000;8;8;1.756955;0.002677;20.130461;0.009806;0.004092;18.043777;ColumnStore
1486145867;4040000;11;1335;1643278;5416160;311253;2047024;4987778;452480000;90496000;1200;150;150;8;32;150;8;112;2828000;8;32;4.494382;0.010954;20.885645;0.019277;0.008793;22.679436;RowStore
1486145868;4040000;12;1579;6448713;2318070;573967;5241273;3197429;452480000;90496000;1200;150;150;8;8;150;8;112;2828000;8;8;1.519949;0.002791;19.519688;0.004181;0.003434;14.151370;ColumnStore
1486145870;4040000;12;1688;1875632;5162040;122109;1974371;5235110;452480000;90496000;1200;150;150;8;32;150;8;112;2828000;8;32;3.554502;0.009597;21.913818;0.049136;0.009117;21.607950;RowStore
1486145872;4040000;13;1243;6815138;2182647;396694;4569439;2441265;452480000;90496000;1200;150;150;8;8;150;8;112;2828000;8;8;1.930813;0.002641;20.730793;0.006050;0.003939;18.534655;ColumnStore
1486145874;4040000;13;3770;1556587;5338465;310501;1356844;4594048;452480000;90496000;1200;150;150;8;32;150;8;112;2828000;8;32;1.591512;0.011564;21.189611;0.019324;0.013266;24.623163;RowStore
1486145876;4040000;14;1325;6861384;2180348;689244;5917773;2435682;452480000;90496000;1200;150;150;8;8;150;8;112;2828000;8;8;1.811321;0.002623;20.752651;0.003482;0.003042;18.577137;ColumnStore
1486145878;4040000;14;1303;1639903;5834330;236600;1854332;4836123;452480000;90496000;1200;150;150;8;32;150;8;112;2828000;8;32;4.604758;0.010976;19.388687;0.025359;0.009707;23.390636;RowStore
1486145880;4040000;15;1539;6393289;2352410;341766;5239649;2433599;452480000;90496000;1200;150;150;8;8;150;8;112;2828000;8;8;1.559454;0.002815;19.234743;0.007022;0.003435;18.593039;ColumnStore
1486145882;4040000;15;1631;2322392;5246965;3196394;1896317;5026300;452480000;90496000;1200;150;150;8;32;150;8;112;2828000;8;32;3.678725;0.007751;21.559128;0.001877;0.009492;22.505619;RowStore
1486145884;4040000;16;1411;6739078;2158303;612808;5655181;3030894;452480000;90496000;1200;150;150;8;8;150;8;112;2828000;8;8;1.700921;0.002671;20.964619;0.003916;0.003183;14.928928;ColumnStore
1486145886;4040000;16;3406;1608806;5386850;364843;1783082;4887879;452480000;90496000;1200;150;150;8;32;150;8;112;2828000;8;32;1.761597;0.011188;20.999285;0.016445;0.010095;23.142962;RowStore
1486145888;4040000;17;1303;6772487;2223546;459460;4915462;2312137;452480000;90496000;1200;150;150;8;8;150;8;112;2828000;8;8;1.841903;0.002658;20.349480;0.005224;0.003662;19.569775;ColumnStore
1486145890;4040000;17;1426;1631525;4970309;656271;2013975;4964558;452480000;90496000;1200;150;150;8;32;150;8;112;2828000;8;32;4.207574;0.011033;22.759148;0.009143;0.008938;22.785513;RowStore
1486145891;4040000;18;1873;6889650;2208095;426809;4794639;2555247;452480000;90496000;1200;150;150;8;8;150;8;112;2828000;8;8;1.281367;0.002613;20.491873;0.005623;0.003754;17.707878;ColumnStore
1486145893;4040000;18;1661;1938731;5310230;180196;1557684;4581658;452480000;90496000;1200;150;150;8;32;150;8;112;2828000;8;32;3.612282;0.009284;21.302279;0.033297;0.011556;24.689751;RowStore
1486145895;4040000;19;1360;6807653;2852947;346609;4729884;3076710;452480000;90496000;1200;150;150;8;8;150;8;112;2828000;8;8;1.764706;0.002644;15.860092;0.006924;0.003806;14.706619;ColumnStore
1486145897;4040000;19;3761;1578734;5471766;817804;2047196;5112106;452480000;90496000;1200;150;150;8;32;150;8;112;2828000;8;32;1.595320;0.011402;20.673399;0.007337;0.008793;22.127867;RowStore
1486145899;4040000;20;1281;6758832;2248717;411422;4864166;2755886;452480000;90496000;1200;150;150;8;8;150;8;112;2828000;8;8;1.873536;0.002663;20.121696;0.005833;0.003701;16.418676;ColumnStore
1486145901;4040000;20;1299;1629559;6010105;362803;2047331;4877458;452480000;90496000;1200;150;150;8;32;150;8;112;2828000;8;32;4.618938;0.011046;18.821634;0.016538;0.008792;23.192410;RowStore
1486145903;4040000;21;1911;6301210;2285711;269947;5121655;2435501;452480000;90496000;1200;150;150;8;8;150;8;112;2828000;8;8;1.255887;0.002857;19.796030;0.008891;0.003514;18.578520;ColumnStore
1486145905;4040000;21;1662;2335058;5176578;4117159;1899314;4658825;452480000;90496000;1200;150;150;8;32;150;8;112;2828000;8;32;3.610108;0.007709;21.852272;0.001457;0.009477;24.280798;RowStore
1486145907;4040000;22;1353;6692565;2445531;421668;6878312;2377400;452480000;90496000;1200;150;150;8;8;150;8;112;2828000;8;8;1.773836;0.002690;18.502321;0.005692;0.002617;19.032558;ColumnStore
1486145909;4040000;22;3605;2030310;5396048;1234399;1950946;4815594;452480000;90496000;1200;150;150;8;32;150;8;112;2828000;8;32;1.664355;0.008866;20.963490;0.004861;0.009226;23.490353;RowStore
1486145911;4040000;23;1396;6727595;2323912;315756;5253103;2479328;452480000;90496000;1200;150;150;8;8;150;8;112;2828000;8;8;1.719198;0.002676;19.470617;0.007601;0.003427;18.250107;ColumnStore
1486145912;4040000;23;1363;1699276;5005058;866932;1916260;4894206;452480000;90496000;1200;150;150;8;32;150;8;112;2828000;8;32;4.402054;0.010593;22.601137;0.006921;0.009393;23.113045;RowStore
1486145914;4040000;24;15267;6316969;2284196;147105;4283573;2295248;452480000;90496000;1200;150;150;8;8;150;8;112;2828000;8;8;0.157202;0.002849;19.809158;0.016315;0.004202;19.713776;ColumnStore
1486145916;4040000;24;1590;1943204;5292969;520604;2125701;5404873;452480000;90496000;1200;150;150;8;32;150;8;112;2828000;8;32;3.773585;0.009263;21.371748;0.011525;0.008468;20.929262;RowStore
1486145918;4040000;25;1341;6674395;2157590;533064;5199723;2385225;452480000;90496000;1200;150;150;8;8;150;8;112;2828000;8;8;1.789709;0.002697;20.971548;0.004502;0.003462;18.970119;ColumnStore
1486145920;4040000;25;3624;1682872;5285825;553686;1906147;4795407;452480000;90496000;1200;150;150;8;32;150;8;112;2828000;8;32;1.655629;0.010696;21.400631;0.010836;0.009443;23.589239;RowStore
1486145922;4040000;26;1325;6963227;2342653;305572;5017962;2370694;452480000;90496000;1200;150;150;8;8;150;8;112;2828000;8;8;1.811321;0.002585;19.314854;0.007854;0.003587;19.086395;ColumnStore
1486145924;4040000;26;1425;1668365;5205733;397220;1324653;4756124;452480000;90496000;1200;150;150;8;32;150;8;112;2828000;8;32;4.210526;0.010789;21.729889;0.015105;0.013588;23.784071;RowStore
1486145926;4040000;27;1751;6376910;2219507;345818;4491612;2829929;452480000;90496000;1200;150;150;8;8;150;8;112;2828000;8;8;1.370645;0.002823;20.386511;0.006940;0.004007;15.989094;ColumnStore
1486145928;4040000;27;1585;1833796;5075383;325913;2137711;5464112;452480000;90496000;1200;150;150;8;32;150;8;112;2828000;8;32;3.785489;0.009816;22.287973;0.018410;0.008420;20.702356;RowStore
1486145930;4040000;28;1466;7797871;2285108;563436;5974240;2782403;452480000;90496000;1200;150;150;8;8;150;8;112;2828000;8;8;1.637108;0.002308;19.801254;0.004260;0.003013;16.262203;ColumnStore
1486145932;4040000;28;3805;1722523;5371812;450684;1774730;5476593;452480000;90496000;1200;150;150;8;32;150;8;112;2828000;8;32;1.576873;0.010450;21.058071;0.013313;0.010142;20.655176;RowStore
1486145933;4040000;29;1283;6771604;2198420;135184;5428808;2592363;452480000;90496000;1200;150;150;8;8;150;8;112;2828000;8;8;1.870616;0.002658;20.582056;0.017754;0.003316;17.454348;ColumnStore
1486145935;4040000;29;1294;1710149;5156097;771270;1757828;5336454;452480000;90496000;1200;150;150;8;32;150;8;112;2828000;8;32;4.636786;0.010525;21.939075;0.007779;0.010240;21.197596;RowStore
1486145937;4040000;30;1701;6265276;2356844;308653;4367150;2458088;452480000;90496000;1200;150;150;8;8;150;8;112;2828000;8;8;1.410935;0.002873;19.198555;0.007776;0.004122;18.407803;ColumnStore
1486145939;4040000;30;1768;2744012;5031499;3246790;2299108;4808220;452480000;90496000;1200;150;150;8;32;150;8;112;2828000;8;32;3.393665;0.006560;22.482365;0.001848;0.007829;23.526377;RowStore
1486145941;4040000;31;1383;6818093;2275305;338259;5282497;2440449;452480000;90496000;1200;150;150;8;8;150;8;112;2828000;8;8;1.735358;0.002640;19.886564;0.007095;0.003407;18.540850;ColumnStore
1486145943;4040000;31;3923;1569872;6567419;221151;2009632;6298749;452480000;90496000;1200;150;150;8;32;150;8;112;2828000;8;32;1.529442;0.011466;17.224422;0.027131;0.008957;17.959122;RowStore
1486145945;4040000;32;1351;6840106;2228091;131541;4541065;2957695;452480000;90496000;1200;150;150;8;8;150;8;112;2828000;8;8;1.776462;0.002632;20.307968;0.018245;0.003964;15.298401;ColumnStore
1486145947;4040000;32;1384;1595564;5063052;457935;2189613;5212627;452480000;90496000;1200;150;150;8;32;150;8;112;2828000;8;32;4.335260;0.011281;22.342255;0.013102;0.008221;21.701149;RowStore
1486145949;4040000;33;1554;6203415;2284322;125109;4953084;2871135;452480000;90496000;1200;150;150;8;8;150;8;112;2828000;8;8;1.544402;0.002902;19.808067;0.019183;0.003634;15.759622;ColumnStore
1486145951;4040000;33;1587;1777411;4953526;298527;2254218;5053406;452480000;90496000;1200;150;150;8;32;150;8;112;2828000;8;32;3.780718;0.010127;22.836258;0.020099;0.007985;22.384901;RowStore
1486145953;4040000;34;1306;6712559;2191471;439164;5375830;2560093;452480000;90496000;1200;150;150;8;8;150;8;112;2828000;8;8;1.837672;0.002682;20.647320;0.005465;0.003348;17.674358;ColumnStore
1486145955;4040000;34;4009;1650049;5233995;526116;1532723;4644695;452480000;90496000;1200;150;150;8;32;150;8;112;2828000;8;32;1.496633;0.010909;21.612553;0.011404;0.011744;24.354666;RowStore
1486145957;4040000;35;1356;6785242;2243190;431552;5000503;2728535;452480000;90496000;1200;150;150;8;8;150;8;112;2828000;8;8;1.769912;0.002653;20.171274;0.005561;0.003600;16.583258;ColumnStore
1486145958;4040000;35;1315;1620980;5352253;132840;1915145;4974102;452480000;90496000;1200;150;150;8;32;150;8;112;2828000;8;32;4.562738;0.011104;21.135023;0.045167;0.009399;22.741793;RowStore
1486145960;4040000;36;1578;6418887;2370598;579724;4993204;2145494;452480000;90496000;1200;150;150;8;8;150;8;112;2828000;8;8;1.520913;0.002804;19.087168;0.004140;0.003605;21.089781;ColumnStore
1486145962;4040000;36;1263;2251401;5196454;305259;2582598;4605740;452480000;90496000;1200;150;150;8;32;150;8;112;2828000;8;32;4.750594;0.007995;21.768690;0.019655;0.006970;24.560658;RowStore
1486145964;4040000;37;1326;6853339;2320321;774043;5703534;2491766;452480000;90496000;1200;150;150;8;8;150;8;112;2828000;8;8;1.809955;0.002626;19.500750;0.003101;0.003156;18.159010;ColumnStore
1486145966;4040000;37;1411;2066911;5207682;407776;2370767;5181619;452480000;90496000;1200;150;150;8;32;150;8;112;2828000;8;32;4.252304;0.008709;21.721756;0.014714;0.007592;21.831015;RowStore
1486145968;4040000;38;1433;6728780;2329212;671364;5815905;2212552;452480000;90496000;1200;150;150;8;8;150;8;112;2828000;8;8;1.674808;0.002675;19.426313;0.003575;0.003095;20.450594;ColumnStore
1486145970;4040000;38;1363;1780671;5150757;352409;2061543;4997516;452480000;90496000;1200;150;150;8;32;150;8;112;2828000;8;32;4.402054;0.010109;21.961821;0.017026;0.008731;22.635244;RowStore
1486145972;4040000;39;1691;6341453;2283324;520280;4810594;2536336;452480000;90496000;1200;150;150;8;8;150;8;112;2828000;8;8;1.419279;0.002838;19.816725;0.004613;0.003742;17.839909;ColumnStore
1486145974;4040000;39;2498;2348307;5028449;3101306;2084896;4489220;452480000;90496000;1200;150;150;8;32;150;8;112;2828000;8;32;2.401922;0.007665;22.496002;0.001935;0.008634;25.198139;RowStore
1486145975;4040000;40;1412;6838629;2318260;172234;5024067;2951198;452480000;90496000;1200;150;150;8;8;150;8;112;2828000;8;8;1.699717;0.002632;19.518087;0.013935;0.003583;15.332079;ColumnStore
1486145977;4040000;40;2815;1608708;5102191;639270;2031320;4527807;452480000;90496000;1200;150;150;8;32;150;8;112;2828000;8;32;2.131439;0.011189;22.170866;0.009386;0.008861;24.983398;RowStore
1486145979;4040000;41;1345;7013571;2270054;707123;4658442;2510305;452480000;90496000;1200;150;150;8;8;150;8;112;2828000;8;8;1.784387;0.002566;19.932566;0.003394;0.003864;18.024902;ColumnStore
1486145981;4040000;41;1313;1646635;5180469;444743;1890645;5420487;452480000;90496000;1200;150;150;8;32;150;8;112;2828000;8;32;4.569688;0.010931;21.835861;0.013491;0.009521;20.868973;RowStore
1486145983;4040000;42;1486;6336715;2437558;439064;4127345;2536580;452480000;90496000;1200;150;150;8;8;150;8;112;2828000;8;8;1.615074;0.002841;18.562841;0.005466;0.004361;17.838192;ColumnStore
1486145985;4040000;42;1606;1870382;5226807;341142;2128891;4693512;452480000;90496000;1200;150;150;8;32;150;8;112;2828000;8;32;3.735990;0.009624;21.642275;0.017588;0.008455;24.101355;RowStore
1486145987;4040000;43;1304;6717503;2202998;228861;5095576;2419588;452480000;90496000;1200;150;150;8;8;150;8;112;2828000;8;8;1.840491;0.002680;20.539286;0.010487;0.003532;18.700706;ColumnStore
1486145989;4040000;43;3376;1653080;5287774;718329;2112203;4988966;452480000;90496000;1200;150;150;8;32;150;8;112;2828000;8;32;1.777251;0.010889;21.392744;0.008353;0.008522;22.674036;RowStore
1486145991;4040000;44;1334;6807408;2428898;350150;4931863;2370530;452480000;90496000;1200;150;150;8;8;150;8;112;2828000;8;8;1.799101;0.002644;18.629026;0.006854;0.003650;19.087715;ColumnStore
1486145993;4040000;44;1332;1673042;5231362;524918;2005105;5364565;452480000;90496000;1200;150;150;8;32;150;8;112;2828000;8;32;4.504505;0.010759;21.623432;0.011430;0.008977;21.086517;RowStore
1486145995;4040000;45;1661;6170785;2200206;875032;4651206;2274534;452480000;90496000;1200;150;150;8;8;150;8;112;2828000;8;8;1.444913;0.002917;20.565348;0.002743;0.003870;19.893307;ColumnStore
1486145997;4040000;45;1592;2336471;5191574;3104402;1901314;4553988;452480000;90496000;1200;150;150;8;32;150;8;112;2828000;8;32;3.768844;0.007704;21.789152;0.001933;0.009467;24.839766;RowStore
1486145998;4040000;46;1340;6695563;2255020;466592;8042666;2201453;452480000;90496000;1200;150;150;8;8;150;8;112;2828000;8;8;1.791045;0.002688;20.065454;0.005144;0.002238;20.553698;ColumnStore
1486146000;4040000;46;4108;1999540;5749685;1532060;2049595;5096842;452480000;90496000;1200;150;150;8;32;150;8;112;2828000;8;32;1.460565;0.009002;19.674120;0.003916;0.008782;22.194134;RowStore
1486146002;4040000;47;1317;7007032;2169025;431479;4271267;2535043;452480000;90496000;1200;150;150;8;8;150;8;112;2828000;8;8;1.822323;0.002569;20.860989;0.005562;0.004214;17.849007;ColumnStore
1486146004;4040000;47;1272;1674817;5176993;448830;2053547;5425666;452480000;90496000;1200;150;150;8;32;150;8;112;2828000;8;32;4.716981;0.010747;21.850521;0.013368;0.008765;20.849052;RowStore
1486146006;4040000;48;1504;6336250;2175363;280186;5487259;2298489;452480000;90496000;1200;150;150;8;8;150;8;112;2828000;8;8;1.595745;0.002841;20.800207;0.008566;0.003280;19.685978;ColumnStore
1486146008;4040000;48;1580;2414912;5096586;3109470;2590835;4602225;452480000;90496000;1200;150;150;8;32;150;8;112;2828000;8;32;3.797468;0.007454;22.195250;0.001930;0.006948;24.579414;RowStore
1486146010;4040000;49;1425;6739413;2241342;801362;5069019;2361093;452480000;90496000;1200;150;150;8;8;150;8;112;2828000;8;8;1.684211;0.002671;20.187904;0.002995;0.003551;19.164007;ColumnStore
1486146012;4040000;49;3753;1667733;5302736;281991;1967985;5440953;452480000;90496000;1200;150;150;8;32;150;8;112;2828000;8;32;1.598721;0.010793;21.332382;0.021277;0.009146;20.790474;RowStore
1486146016;7780000;0;4024;8985602;4605643;289575;5690991;5202285;871360000;174272000;1200;150;150;8;8;150;8;112;5446000;8;8;0.596421;0.002003;18.919399;0.008288;0.003163;16.749563;ColumnStore
1486146020;7780000;0;1815;2329397;9940404;7282586;2802812;8569823;871360000;174272000;1200;150;150;8;32;150;8;112;5446000;8;32;3.305785;0.007727;21.914602;0.000824;0.006422;25.419430;RowStore
1486146024;7780000;1;1582;9317104;4340978;487479;7013160;4217813;871360000;174272000;1200;150;150;8;8;150;8;112;5446000;8;8;1.517067;0.001932;20.072897;0.004923;0.002567;20.659048;ColumnStore
1486146028;7780000;1;1491;1672312;9989990;502083;1597586;9246472;871360000;174272000;1200;150;150;8;32;150;8;112;5446000;8;32;4.024145;0.010764;21.805828;0.011950;0.011267;23.559256;RowStore
1486146032;7780000;2;1639;6969997;4880471;185190;4376330;4406121;871360000;174272000;1200;150;150;8;8;150;8;112;5446000;8;8;1.464308;0.002582;17.854013;0.012960;0.004113;19.776125;ColumnStore
1486146036;7780000;2;1347;2145307;11402055;2365467;2235164;8154881;871360000;174272000;1200;150;150;8;32;150;8;112;5446000;8;32;4.454343;0.008390;19.105328;0.002536;0.008053;26.712835;RowStore
1486146039;7780000;3;1314;6859552;4384492;341122;4573677;4121911;871360000;174272000;1200;150;150;8;8;150;8;112;5446000;8;8;1.826484;0.002624;19.873682;0.007036;0.003936;21.139711;ColumnStore
1486146043;7780000;3;1338;1644442;12313210;407493;1855565;8599821;871360000;174272000;1200;150;150;8;32;150;8;112;5446000;8;32;4.484305;0.010946;17.691568;0.014724;0.009701;25.330761;RowStore
1486146047;7780000;4;1459;6799824;4528858;346530;5290367;4135718;871360000;174272000;1200;150;150;8;8;150;8;112;5446000;8;8;1.644962;0.002647;19.240171;0.006926;0.003402;21.069134;ColumnStore
1486146050;7780000;4;1495;2286209;10446576;2392139;2402094;9422204;871360000;174272000;1200;150;150;8;32;150;8;112;5446000;8;32;4.013378;0.007873;20.852764;0.002508;0.007493;23.119856;RowStore
1486146054;7780000;5;1336;6955311;4370454;400484;6023945;4115546;871360000;174272000;1200;150;150;8;8;150;8;112;5446000;8;8;1.796407;0.002588;19.937517;0.005993;0.002988;21.172403;ColumnStore
1486146058;7780000;5;1378;2189687;9797687;427823;2084687;8310677;871360000;174272000;1200;150;150;8;32;150;8;112;5446000;8;32;4.354136;0.008220;22.233820;0.014024;0.008634;26.212067;RowStore
1486146061;7780000;6;1455;7041316;4399289;471746;6931585;4009072;871360000;174272000;1200;150;150;8;8;150;8;112;5446000;8;8;1.649485;0.002556;19.806837;0.005087;0.002597;21.734705;ColumnStore
1486146065;7780000;6;1216;2215360;9694746;364652;1939177;9071845;871360000;174272000;1200;150;150;8;32;150;8;112;5446000;8;32;4.934211;0.008125;22.469904;0.016454;0.009282;24.012756;RowStore
1486146069;7780000;7;1557;6814435;4516017;367666;5116929;4133538;871360000;174272000;1200;150;150;8;8;150;8;112;5446000;8;8;1.541426;0.002641;19.294878;0.006528;0.003518;21.080248;ColumnStore
1486146073;7780000;7;1389;2458139;9890502;2370853;2402041;8780450;871360000;174272000;1200;150;150;8;32;150;8;112;5446000;8;32;4.319654;0.007323;22.025171;0.002531;0.007494;24.809664;RowStore
1486146076;7780000;8;1255;7239490;4404264;307805;5556893;4127047;871360000;174272000;1200;150;150;8;8;150;8;112;5446000;8;8;1.912351;0.002486;19.784464;0.007797;0.003239;21.113401;ColumnStore
1486146080;7780000;8;1336;2058700;9994919;1501260;2177999;8302503;871360000;174272000;1200;150;150;8;32;150;8;112;5446000;8;32;4.491018;0.008743;21.795073;0.003997;0.008264;26.237869;RowStore
1486146084;7780000;9;1552;7142742;4335101;222254;4811203;4270467;871360000;174272000;1200;150;150;8;8;150;8;112;5446000;8;8;1.546392;0.002520;20.100107;0.010798;0.003741;20.404325;ColumnStore
1486146087;7780000;9;1312;2319814;9544210;3062244;2281588;8874435;871360000;174272000;1200;150;150;8;32;150;8;112;5446000;8;32;4.573171;0.007759;22.824310;0.001959;0.007889;24.546915;RowStore
1486146091;7780000;10;1362;6897083;4540074;316452;4833693;4207079;871360000;174272000;1200;150;150;8;8;150;8;112;5446000;8;8;1.762115;0.002610;19.192638;0.007584;0.003724;20.711758;ColumnStore
1486146095;7780000;10;1314;1653343;9837709;369056;1955841;8504781;871360000;174272000;1200;150;150;8;32;150;8;112;5446000;8;32;4.566210;0.010887;22.143366;0.016258;0.009203;25.613829;RowStore
1486146098;7780000;11;1498;6780580;4376242;262063;5558501;4105722;871360000;174272000;1200;150;150;8;8;150;8;112;5446000;8;8;1.602136;0.002655;19.911148;0.009158;0.003238;21.223064;ColumnStore
1486146102;7780000;11;1361;2183130;9712308;2378708;2011918;8405584;871360000;174272000;1200;150;150;8;32;150;8;112;5446000;8;32;4.408523;0.008245;22.429274;0.002522;0.008947;25.916105;RowStore
1486146106;7780000;12;1380;6854898;4599918;337393;4954534;4206875;871360000;174272000;1200;150;150;8;8;150;8;112;5446000;8;8;1.739130;0.002626;18.942945;0.007113;0.003633;20.712763;ColumnStore
1486146109;7780000;12;1338;2318035;10484064;315293;2317099;8505777;871360000;174272000;1200;150;150;8;32;150;8;112;5446000;8;32;4.484305;0.007765;20.778202;0.019030;0.007768;25.610828;RowStore
1486146113;7780000;13;1436;6926185;4408808;420043;6232055;4258470;871360000;174272000;1200;150;150;8;8;150;8;112;5446000;8;8;1.671309;0.002599;19.764072;0.005714;0.002888;20.461809;ColumnStore
1486146117;7780000;13;1362;2170249;11336798;361850;2061438;8851515;871360000;174272000;1200;150;150;8;32;150;8;112;5446000;8;32;4.405286;0.008294;19.215303;0.016581;0.008732;24.610476;RowStore
1486146120;7780000;14;1744;6936362;4471096;470650;5842150;5904687;871360000;174272000;1200;150;150;8;8;150;8;112;5446000;8;8;1.376147;0.002595;19.488733;0.005099;0.003081;14.757091;ColumnStore
1486146124;7780000;14;1365;2208070;9694505;430367;2086633;8495641;871360000;174272000;1200;150;150;8;32;150;8;112;5446000;8;32;4.395605;0.008152;22.470463;0.013942;0.008626;25.641386;RowStore
1486146128;7780000;15;1492;7071722;4308921;208175;5553759;4055404;871360000;174272000;1200;150;150;8;8;150;8;112;5446000;8;8;1.608579;0.002545;20.222233;0.011529;0.003241;21.486391;ColumnStore
1486146131;7780000;15;1427;2185389;9858225;2354263;1757983;8763148;871360000;174272000;1200;150;150;8;32;150;8;112;5446000;8;32;4.204625;0.008237;22.097286;0.002549;0.010239;24.858646;RowStore
1486146135;7780000;16;1471;7100870;4208140;314841;4917437;4117126;871360000;174272000;1200;150;150;8;8;150;8;112;5446000;8;8;1.631543;0.002535;20.706535;0.007623;0.003660;21.164278;ColumnStore
1486146139;7780000;16;1378;1659700;9900226;400160;1816809;9224130;871360000;174272000;1200;150;150;8;32;150;8;112;5446000;8;32;4.354136;0.010845;22.003538;0.014994;0.009907;23.616320;RowStore
1486146142;7780000;17;1532;6831342;4300318;480551;5357188;4240197;871360000;174272000;1200;150;150;8;8;150;8;112;5446000;8;8;1.566580;0.002635;20.262688;0.004994;0.003360;20.549988;ColumnStore
1486146146;7780000;17;1373;2217968;9896078;2309935;2021611;9561431;871360000;174272000;1200;150;150;8;32;150;8;112;5446000;8;32;4.369993;0.008116;22.012760;0.002597;0.008904;22.783201;RowStore
1486146150;7780000;18;1338;6805465;4441740;377863;5133862;5409898;871360000;174272000;1200;150;150;8;8;150;8;112;5446000;8;8;1.793722;0.002645;19.617537;0.006352;0.003506;16.106773;ColumnStore
1486146154;7780000;18;1453;1708381;9781790;459428;1761837;8677554;871360000;174272000;1200;150;150;8;32;150;8;112;5446000;8;32;4.129388;0.010536;22.269953;0.013060;0.010217;25.103848;RowStore
1486146157;7780000;19;1556;6884903;4524299;522909;6556553;4085188;871360000;174272000;1200;150;150;8;8;150;8;112;5446000;8;8;1.542416;0.002614;19.259558;0.004590;0.002745;21.329742;ColumnStore
1486146162;7780000;19;1367;2312064;9801504;2492275;2100325;9179728;871360000;174272000;1200;150;150;8;32;150;8;112;5446000;8;32;4.389174;0.007785;22.225161;0.002407;0.008570;23.730551;RowStore
1486146165;7780000;20;1361;6895391;4403902;374385;7523218;4897080;871360000;174272000;1200;150;150;8;8;150;8;112;5446000;8;8;1.763409;0.002610;19.786089;0.006411;0.002393;17.793461;ColumnStore
1486146169;7780000;20;1475;1610667;9933564;412094;1839444;9066352;871360000;174272000;1200;150;150;8;32;150;8;112;5446000;8;32;4.067797;0.011175;21.929693;0.014560;0.009786;24.027306;RowStore
1486146173;7780000;21;1656;7114644;4757866;261312;5346389;4253469;871360000;174272000;1200;150;150;8;8;150;8;112;5446000;8;8;1.449275;0.002530;18.314095;0.009184;0.003367;20.485867;ColumnStore
1486146177;7780000;21;1299;2196979;10288825;2534229;2774948;8995972;871360000;174272000;1200;150;150;8;32;150;8;112;5446000;8;32;4.618938;0.008193;21.172485;0.002368;0.006487;24.215282;RowStore
1486146180;7780000;22;1355;6828207;4348476;539155;5583588;4281943;871360000;174272000;1200;150;150;8;8;150;8;112;5446000;8;8;1.771218;0.002636;20.038284;0.004451;0.003224;20.349640;ColumnStore
1486146184;7780000;22;1362;2214892;10064882;487076;1915069;8818836;871360000;174272000;1200;150;150;8;32;150;8;112;5446000;8;32;4.405286;0.008127;21.643572;0.012318;0.009399;24.701674;RowStore
1486146188;7780000;23;1489;6950349;4361048;480812;5521610;4134789;871360000;174272000;1200;150;150;8;8;150;8;112;5446000;8;8;1.611820;0.002590;19.980518;0.004992;0.003260;21.073868;ColumnStore
1486146191;7780000;23;1479;2128696;9708355;403564;2448448;9365798;871360000;174272000;1200;150;150;8;32;150;8;112;5446000;8;32;4.056795;0.008456;22.438404;0.014868;0.007352;23.259096;RowStore
1486146195;7780000;24;1554;6839688;4398897;293907;6034545;4072860;871360000;174272000;1200;150;150;8;8;150;8;112;5446000;8;8;1.544402;0.002632;19.808603;0.008166;0.002983;21.394304;ColumnStore
1486146198;7780000;24;1396;2155576;9588581;2467045;2027753;9204108;871360000;174272000;1200;150;150;8;32;150;8;112;5446000;8;32;4.297994;0.008350;22.718691;0.002432;0.008877;23.667692;RowStore
1486146202;7780000;25;1304;7028430;4442375;350710;6001025;4324411;871360000;174272000;1200;150;150;8;8;150;8;112;5446000;8;8;1.840491;0.002561;19.614733;0.006843;0.002999;20.149796;ColumnStore
1486146206;7780000;25;1877;1631746;9850375;442956;1622765;8411842;871360000;174272000;1200;150;150;8;32;150;8;112;5446000;8;32;3.196590;0.011031;22.114893;0.013545;0.011092;25.896824;RowStore
1486146209;7780000;26;1430;6839778;4237136;653311;5243996;4031945;871360000;174272000;1200;150;150;8;8;150;8;112;5446000;8;8;1.678322;0.002632;20.564835;0.003674;0.003432;21.611406;ColumnStore
1486146213;7780000;26;1364;2230244;10126112;3163216;1826672;8679642;871360000;174272000;1200;150;150;8;32;150;8;112;5446000;8;32;4.398827;0.008071;21.512699;0.001897;0.009854;25.097809;RowStore
1486146217;7780000;27;1312;6920767;4342832;430381;5436344;4273569;871360000;174272000;1200;150;150;8;8;150;8;112;5446000;8;8;1.829268;0.002601;20.064325;0.005576;0.003311;20.389515;ColumnStore
1486146221;7780000;27;1747;1734994;9896324;410788;1648223;9096204;871360000;174272000;1200;150;150;8;32;150;8;112;5446000;8;32;3.434459;0.010375;22.012215;0.014606;0.010921;23.948450;RowStore
1486146224;7780000;28;1454;6727029;4287428;131414;4949524;4228499;871360000;174272000;1200;150;150;8;8;150;8;112;5446000;8;8;1.650619;0.002676;20.323606;0.018263;0.003637;20.606840;ColumnStore
1486146228;7780000;28;1345;2241259;9744181;2608086;2222092;8689871;871360000;174272000;1200;150;150;8;32;150;8;112;5446000;8;32;4.460967;0.008031;22.355906;0.002301;0.008100;25.068266;RowStore
1486146232;7780000;29;1267;6917398;4282712;427316;5423969;3944801;871360000;174272000;1200;150;150;8;8;150;8;112;5446000;8;8;1.894238;0.002602;20.345987;0.005616;0.003319;22.088820;ColumnStore
1486146235;7780000;29;1933;2054076;9816115;1318169;1972014;8823514;871360000;174272000;1200;150;150;8;32;150;8;112;5446000;8;32;3.103983;0.008763;22.192080;0.004552;0.009128;24.688576;RowStore
1486146239;7780000;30;1581;6882832;4431936;412748;4646087;4585102;871360000;174272000;1200;150;150;8;8;150;8;112;5446000;8;8;1.518027;0.002615;19.660934;0.005815;0.003874;19.004156;ColumnStore
1486146243;7780000;30;1373;2333089;10649797;2222543;2237794;8825668;871360000;174272000;1200;150;150;8;32;150;8;112;5446000;8;32;4.369993;0.007715;20.454851;0.002700;0.008044;24.682550;RowStore
1486146246;7780000;31;1279;6947521;5021922;541502;4838909;4736504;871360000;174272000;1200;150;150;8;8;150;8;112;5446000;8;8;1.876466;0.002591;17.351126;0.004432;0.003720;18.396690;ColumnStore
1486146250;7780000;31;1309;2293078;11199251;704340;2159042;8102349;871360000;174272000;1200;150;150;8;32;150;8;112;5446000;8;32;4.583652;0.007850;19.451302;0.008519;0.008337;26.886030;RowStore
1486146253;7780000;32;1504;6853049;4529256;352109;6077353;4313184;871360000;174272000;1200;150;150;8;8;150;8;112;5446000;8;8;1.595745;0.002627;19.238480;0.006816;0.002962;20.202246;ColumnStore
1486146257;7780000;32;1252;2124456;10152349;456725;2397781;8969154;871360000;174272000;1200;150;150;8;32;150;8;112;5446000;8;32;4.792333;0.008473;21.457102;0.013137;0.007507;24.287685;RowStore
1486146261;7780000;33;1505;6777939;4399180;309478;5256167;4450663;871360000;174272000;1200;150;150;8;8;150;8;112;5446000;8;8;1.594684;0.002656;19.807327;0.007755;0.003425;19.578207;ColumnStore
1486146264;7780000;33;1325;2193407;10105361;2194643;1917016;8366676;871360000;174272000;1200;150;150;8;32;150;8;112;5446000;8;32;4.528302;0.008206;21.556873;0.002734;0.009390;26.036625;RowStore
1486146268;7780000;34;1345;6864812;4414437;382119;4975108;4328576;871360000;174272000;1200;150;150;8;8;150;8;112;5446000;8;8;1.784387;0.002622;19.738871;0.006281;0.003618;20.130407;ColumnStore
1486146272;7780000;34;2059;2071924;9996835;1566938;2542916;8856623;871360000;174272000;1200;150;150;8;32;150;8;112;5446000;8;32;2.914036;0.008688;21.790897;0.003829;0.007078;24.596281;RowStore
1486146276;7780000;35;1554;6992138;4333643;502614;4941915;4190502;871360000;174272000;1200;150;150;8;8;150;8;112;5446000;8;8;1.544402;0.002574;20.106873;0.004775;0.003642;20.793690;ColumnStore
1486146279;7780000;35;1348;2312704;9919589;2279614;1993082;8495615;871360000;174272000;1200;150;150;8;32;150;8;112;5446000;8;32;4.451039;0.007783;21.960587;0.002632;0.009031;25.641464;RowStore
1486146283;7780000;36;1253;7053405;4439275;401065;4845966;4096915;871360000;174272000;1200;150;150;8;8;150;8;112;5446000;8;8;1.915403;0.002552;19.628431;0.005984;0.003714;21.268686;ColumnStore
1486146286;7780000;36;1899;1671984;9848461;295413;2047221;8472395;871360000;174272000;1200;150;150;8;32;150;8;112;5446000;8;32;3.159558;0.010766;22.119194;0.020311;0.008792;25.711739;RowStore
1486146290;7780000;37;1537;6879265;4421938;189173;5975455;4871609;871360000;174272000;1200;150;150;8;8;150;8;112;5446000;8;8;1.561484;0.002617;19.705387;0.012687;0.003012;17.886492;ColumnStore
1486146294;7780000;37;1395;2172693;9824547;2527520;2092344;8719606;871360000;174272000;1200;150;150;8;32;150;8;112;5446000;8;32;4.301075;0.008285;22.173033;0.002374;0.008603;24.982779;RowStore
1486146298;7780000;38;1293;6807826;4915250;403734;5919583;4545680;871360000;174272000;1200;150;150;8;8;150;8;112;5446000;8;8;1.856149;0.002644;17.727684;0.005945;0.003041;19.168970;ColumnStore
1486146301;7780000;38;2059;2181949;9951988;1451326;2155564;8670314;871360000;174272000;1200;150;150;8;32;150;8;112;5446000;8;32;2.914036;0.008250;21.889093;0.004134;0.008350;25.124811;RowStore
1486146305;7780000;39;1547;6827190;4353418;420260;4516035;5111897;871360000;174272000;1200;150;150;8;8;150;8;112;5446000;8;8;1.551390;0.002637;20.015537;0.005711;0.003986;17.045727;ColumnStore
1486146308;7780000;39;1377;2193268;9748415;625442;2178273;8685508;871360000;174272000;1200;150;150;8;32;150;8;112;5446000;8;32;4.357299;0.008207;22.346197;0.009593;0.008263;25.080860;RowStore
1486146312;7780000;40;1482;6895532;4625028;457373;6727546;4093344;871360000;174272000;1200;150;150;8;8;150;8;112;5446000;8;8;1.619433;0.002610;18.840103;0.005247;0.002676;21.287241;ColumnStore
1486146316;7780000;40;1322;2338118;10750177;452480;2409391;9502453;871360000;174272000;1200;150;150;8;32;150;8;112;5446000;8;32;4.538578;0.007699;20.263851;0.013260;0.007471;22.924608;RowStore
1486146319;7780000;41;1536;6914077;4454697;438136;7467844;4140170;871360000;174272000;1200;150;150;8;8;150;8;112;5446000;8;8;1.562500;0.002603;19.560478;0.005478;0.002410;21.046480;ColumnStore
